2020.02.03,08:00,10.20951,10.21556,10.13283,10.14329,11347
2020.02.03,12:00,10.14352,10.14508,10.09833,10.10708,9513
2020.02.03,16:00,10.10728,10.11049,10.08308,10.09456,7324
2020.02.03,20:00,10.09448,10.09614,10.08485,10.09278,3158
2020.02.04,00:00,10.09271,10.10060,10.08330,10.09887,4912
2020.02.04,04:00,10.09903,10.11632,10.05331,10.05639,6862
2020.02.04,08:00,10.05631,10.11699,10.05631,10.10568,9888
2020.02.04,12:00,10.10552,10.13199,10.10218,10.11498,10511
2020.02.04,16:00,10.11490,10.12940,10.10995,10.12310,5259
2020.02.04,20:00,10.12310,10.12453,10.11588,10.12019,3246
2020.02.05,00:00,10.12067,10.12282,10.10639,10.11205,4785
2020.02.05,04:00,10.11205,10.12272,10.10064,10.12187,4439
2020.02.05,08:00,10.12241,10.14725,10.11864,10.13869,10387
2020.02.05,12:00,10.13853,10.13946,10.05724,10.07912,11994
2020.02.05,16:00,10.07896,10.10019,10.07707,10.08183,6089
2020.02.05,20:00,10.08183,10.09178,10.08043,10.08833,2727
2020.02.06,00:00,10.08849,10.08996,10.07855,10.08024,3818
2020.02.06,04:00,10.08048,10.08903,10.06941,10.07820,5917
2020.02.06,08:00,10.07812,10.09019,10.05385,10.06193,8756
2020.02.06,12:00,10.06206,10.07477,10.03134,10.03502,9925
2020.02.06,16:00,10.03542,10.04684,10.03110,10.03184,5503
2020.02.06,20:00,10.03184,10.04037,10.03161,10.03819,3107
2020.02.07,00:00,10.03773,10.04707,10.03612,10.04013,5227
2020.02.07,04:00,10.04006,10.04787,10.03700,10.03784,6672
2020.02.07,08:00,10.03866,10.04946,10.02838,10.04005,9107
2020.02.07,12:00,10.03998,10.06296,10.03320,10.04738,10188
2020.02.07,16:00,10.04691,10.04735,10.00701,10.00709,6837
2020.02.07,20:00,10.00741,10.01148,10.00346,10.00494,1701
2020.02.09,22:05,10.00564,10.01135,10.00490,10.00951,1384
2020.02.10,00:00,10.00957,10.01968,10.00794,10.01477,4405
2020.02.10,04:00,10.01462,10.02469,9.99490,9.99680,5120
2020.02.10,08:00,9.99572,10.04488,9.99572,10.03542,10436
2020.02.10,12:00,10.03550,10.05231,10.02838,10.03567,10037
2020.02.10,16:00,10.03549,10.03696,10.02413,10.03044,5826
2020.02.10,20:00,10.03029,10.03062,10.02424,10.03016,3080
2020.02.11,00:00,10.03016,10.03326,10.02507,10.02912,4057
2020.02.11,04:00,10.02904,10.02958,10.01231,10.01962,5079
2020.02.11,08:00,10.01931,10.04709,10.00988,10.03883,10137
2020.02.11,12:00,10.03868,10.06976,10.03265,10.05269,10671
2020.02.11,16:00,10.05253,10.06888,10.04396,10.06625,5942
2020.02.11,20:00,10.06633,10.06633,10.04929,10.06044,2418
2020.02.12,00:00,10.06006,10.07055,10.05738,10.06361,4723
2020.02.12,04:00,10.06330,10.07419,10.05992,10.07086,5824
2020.02.12,08:00,10.07078,10.09118,10.06655,10.08561,8769
2020.02.12,12:00,10.08600,10.09185,10.06497,10.08180,9044
2020.02.12,16:00,10.08189,10.08514,10.06970,10.06999,6944
2020.02.12,20:00,10.07006,10.07309,10.06268,10.06619,3423
2020.02.13,00:00,10.06610,10.07291,10.06258,10.06319,5209
2020.02.13,04:00,10.06319,10.08269,10.05643,10.08217,5634
2020.02.13,08:00,10.08209,10.08740,10.06229,10.08353,9667
2020.02.13,12:00,10.08387,10.14958,10.08001,10.13861,11801
2020.02.13,16:00,10.13868,10.14515,10.12948,10.13949,6319
2020.02.13,20:00,10.13949,10.13956,10.12317,10.13113,2905
2020.02.14,00:00,10.13108,10.13622,10.12820,10.13034,4483
2020.02.14,04:00,10.13033,10.14418,10.12900,10.14153,4388
2020.02.14,08:00,10.14161,10.14636,10.11201,10.12161,8962
2020.02.14,12:00,10.12131,10.12555,10.09789,10.10812,9370
2020.02.14,16:00,10.10818,10.13450,10.10350,10.12210,5063
2020.02.14,20:00,10.12201,10.13848,10.12101,10.13275,1923
2020.02.16,22:05,10.12468,10.13892,10.12134,10.13705,827
2020.02.17,00:00,10.13713,10.13713,10.12929,10.13135,4040
2020.02.17,04:00,10.13141,10.13555,10.11844,10.12447,4234
2020.02.17,08:00,10.12509,10.13533,10.10420,10.10946,7404
2020.02.17,12:00,10.10946,10.11238,10.10045,10.10285,6550
2020.02.17,16:00,10.10324,10.10977,10.09673,10.09897,5765
2020.02.17,20:00,10.09843,10.10323,10.09686,10.10215,3737
2020.02.18,00:00,10.10200,10.10291,10.09069,10.09928,4355
2020.02.18,04:00,10.09928,10.10071,10.08610,10.09721,4541
2020.02.18,08:00,10.09654,10.13631,10.07591,10.13014,11563
2020.02.18,12:00,10.13006,10.13169,10.11238,10.12577,10740
2020.02.18,16:00,10.12561,10.12674,10.09356,10.09692,6091
2020.02.18,20:00,10.09708,10.10262,10.09419,10.09816,2676
2020.02.19,00:00,10.09808,10.10325,10.09673,10.09877,5431
2020.02.19,04:00,10.09877,10.11061,10.09026,10.10679,5888
2020.02.19,08:00,10.10648,10.12052,10.08112,10.09172,10164
2020.02.19,12:00,10.09172,10.10050,10.04274,10.06385,10331
2020.02.19,16:00,10.06377,10.06582,10.03221,10.04203,6177
2020.02.19,20:00,10.04195,10.05011,10.03613,10.04647,3332
2020.02.20,00:00,10.04647,10.04865,10.02860,10.03439,6235
2020.02.20,04:00,10.03439,10.04003,10.01923,10.03063,6073
2020.02.20,08:00,10.03056,10.05397,9.99998,10.01532,12096
2020.02.20,12:00,10.01485,10.02550,9.99929,10.02525,10175
2020.02.20,16:00,10.02579,10.03167,10.01728,10.02072,6385
2020.02.20,20:00,10.02080,10.02533,10.01466,10.02109,2491
2020.02.21,00:00,10.02121,10.04636,10.02051,10.04009,6090
2020.02.21,04:00,10.03978,10.04893,10.03407,10.03925,5427
2020.02.21,08:00,10.03915,10.08588,10.03566,10.08276,11723
2020.02.21,12:00,10.08268,10.10531,10.06550,10.09424,11272
2020.02.21,16:00,10.09418,10.10766,10.09012,10.10202,5733
2020.02.21,20:00,10.10210,10.10317,10.08784,10.08820,2206
2020.02.23,22:05,10.07904,10.09308,10.07904,10.09141,1415
2020.02.24,00:00,10.09141,10.09352,10.07884,10.07900,5948
2020.02.24,04:00,10.07892,10.09510,10.07848,10.08488,5883
2020.02.24,08:00,10.08509,10.08610,10.04331,10.05832,12533
2020.02.24,12:00,10.05801,10.07967,10.04408,10.07320,11305
2020.02.24,16:00,10.07312,10.08309,10.06612,10.06635,7827
2020.02.24,20:00,10.06674,10.07867,10.06611,10.07103,4162
2020.02.25,00:00,10.07096,10.08114,10.06241,10.07667,6423
2020.02.25,04:00,10.07659,10.09126,10.06874,10.08870,6737
2020.02.25,08:00,10.08863,10.12624,10.08141,10.09967,13677
2020.02.25,12:00,10.10022,10.14299,10.08941,10.14104,13315
2020.02.25,16:00,10.14081,10.14363,10.12641,10.12683,7876
2020.02.25,20:00,10.12684,10.13177,10.12048,10.12809,3842
2020.02.26,00:00,10.12823,10.13441,10.12048,10.12181,6382
2020.02.26,04:00,10.12194,10.12474,10.10925,10.11595,7018
2020.02.26,08:00,10.11626,10.12333,10.06969,10.07781,12701
2020.02.26,12:00,10.07796,10.08993,10.06200,10.06588,12077
2020.02.26,16:00,10.06592,10.07687,10.05434,10.06157,8429
2020.02.26,20:00,10.06164,10.06528,10.04746,10.05670,3904
2020.02.27,00:00,10.05683,10.07789,10.05473,10.07480,7777
2020.02.27,04:00,10.07501,10.08803,10.06957,10.07425,8026
2020.02.27,08:00,10.07425,10.09200,10.02197,10.03002,13745
2020.02.27,12:00,10.03002,10.06743,10.02206,10.03302,15086
2020.02.27,16:00,10.03303,10.04909,10.02533,10.04771,9070
2020.02.27,20:00,10.04763,10.04962,10.03473,10.04503,3503
2020.02.28,00:00,10.04493,10.05330,10.03529,10.03777,7154
2020.02.28,04:00,10.03784,10.05667,10.02477,10.02770,9037
2020.02.28,08:00,10.02762,10.06882,10.02427,10.03973,15074
2020.02.28,12:00,10.03967,10.04767,9.94370,9.95272,14160
2020.02.28,16:00,9.95264,9.98270,9.91839,9.97204,14181
2020.02.28,20:00,9.97189,10.00189,9.96853,9.98486,4138
2020.03.01,22:05,9.98039,9.98943,9.96504,9.97803,557
2020.03.02,00:00,9.97719,9.99110,9.96927,9.98985,8653
2020.03.02,04:00,9.99004,10.00220,9.95951,9.95993,9675
2020.03.02,08:00,9.95970,9.96392,9.91987,9.94299,16211
2020.03.02,12:00,9.94307,9.95067,9.91441,9.91999,15716
2020.03.02,16:00,9.91968,9.97862,9.91666,9.93819,10990
2020.03.02,20:00,9.93827,9.93827,9.90938,9.93374,4802
2020.03.03,00:00,9.93344,9.94467,9.92898,9.94083,7367
2020.03.03,04:00,9.94075,9.96214,9.93975,9.95787,8571
2020.03.03,08:00,9.95826,9.97060,9.93140,9.94685,15376
2020.03.03,12:00,9.94708,9.97566,9.93077,9.95631,16716
2020.03.03,16:00,9.95716,9.98003,9.93852,9.95559,12618
2020.03.03,20:00,9.95544,9.96963,9.94697,9.96187,4759
2020.03.04,00:00,9.96179,9.96736,9.94865,9.95187,6556
2020.03.04,04:00,9.95195,9.95828,9.92919,9.93784,6144
2020.03.04,08:00,9.93776,9.95527,9.92138,9.94008,13930
2020.03.04,12:00,9.94031,9.96918,9.93887,9.96186,14823
2020.03.04,16:00,9.96256,10.00163,9.94729,9.99922,8523
2020.03.04,20:00,9.99937,10.00403,9.99543,10.00279,3021
2020.03.05,00:00,10.00283,10.00595,9.99528,10.00320,4222
2020.03.05,04:00,10.00348,10.01471,9.99789,10.00324,5427
2020.03.05,08:00,10.00355,10.04840,9.99930,10.04188,12127
2020.03.05,12:00,10.04189,10.05264,10.02307,10.04712,12743
2020.03.05,16:00,10.04737,10.06668,10.03960,10.06256,8686
2020.03.05,20:00,10.06295,10.08058,10.05842,10.06258,3992
2020.03.06,00:00,10.06255,10.07891,10.06255,10.07030,7090
2020.03.06,04:00,10.07022,10.08589,10.06214,10.08430,6963
2020.03.06,08:00,10.08422,10.12328,10.07319,10.11133,16142
2020.03.06,12:00,10.11125,10.13791,10.09133,10.12429,17241
2020.03.06,16:00,10.12421,10.13674,10.09438,10.11409,12056
2020.03.06,20:00,10.11425,10.14481,10.11236,10.13904,4329
2020.03.08,22:05,10.16901,10.18277,10.16042,10.17465,989
2020.03.09,00:00,10.17496,10.18915,10.14535,10.15852,11484
2020.03.09,04:00,10.15891,10.25630,10.12585,10.24589,12491
2020.03.09,08:00,10.24535,10.24639,10.14955,10.17454,18581
2020.03.09,12:00,10.17594,10.21765,10.16643,10.18239,19439
2020.03.09,16:00,10.18227,10.21528,10.17270,10.18239,14836
2020.03.09,20:00,10.18247,10.19574,10.15735,10.15874,4156
2020.03.10,00:00,10.15968,10.17021,10.13568,10.14638,8818
2020.03.10,04:00,10.14638,10.15648,10.11521,10.15173,11943
2020.03.10,08:00,10.15169,10.16286,10.11764,10.13014,17815
2020.03.10,12:00,10.13045,10.13590,10.04796,10.05018,18824
2020.03.10,16:00,10.04952,10.06128,10.01777,10.02388,16016
2020.03.10,20:00,10.02380,10.03960,9.99329,10.02436,3542
2020.03.11,00:00,10.02428,10.03985,10.01942,10.03477,6868
2020.03.11,04:00,10.03461,10.04947,9.96759,10.01887,10043
2020.03.11,08:00,10.01848,10.07970,10.01685,10.03602,13353
2020.03.11,12:00,10.03610,10.07228,10.00947,10.01193,17032
2020.03.11,16:00,10.01162,10.01276,9.94622,9.94734,14713
2020.03.11,20:00,9.94773,9.96456,9.94727,9.95678,2844
2020.03.12,00:00,9.95687,9.98452,9.95536,9.96464,9797
2020.03.12,04:00,9.96472,9.96767,9.93340,9.96033,10293
2020.03.12,08:00,9.96024,9.96945,9.89204,9.90253,15527
2020.03.12,12:00,9.90353,9.91610,9.76299,9.76414,18968
2020.03.12,16:00,9.76504,9.83419,9.72590,9.79513,17089
2020.03.12,20:00,9.79536,9.80750,9.75805,9.77662,2086
2020.03.13,00:00,9.77709,9.77709,9.73075,9.76004,10255
2020.03.13,04:00,9.76006,9.78832,9.74584,9.76973,12529
2020.03.13,08:00,9.77004,9.80433,9.71315,9.72489,15188
2020.03.13,12:00,9.72474,9.73183,9.63782,9.64364,20191
2020.03.13,16:00,9.64341,9.64494,9.54249,9.59760,18345
2020.03.13,20:00,9.59745,9.59972,9.52725,9.53414,1130
2020.03.15,21:05,9.57856,9.64748,9.57731,9.62483,762
2020.03.16,00:00,9.62362,9.62615,9.53488,9.58346,8559
2020.03.16,04:00,9.58310,9.60620,9.53461,9.55081,9553
2020.03.16,08:00,9.55260,9.60792,9.52181,9.57846,15589
2020.03.16,12:00,9.57791,9.58287,9.48794,9.53803,19187
2020.03.16,16:00,9.53855,9.55640,9.47640,9.51983,16643
2020.03.16,20:00,9.52014,9.53089,9.49779,9.52603,2819
2020.03.17,00:00,9.52503,9.52859,9.50290,9.52432,9285
2020.03.17,04:00,9.52416,9.52580,9.46702,9.46847,12269
2020.03.17,08:00,9.46862,9.50464,9.38464,9.40552,17461
2020.03.17,12:00,9.40514,9.40658,9.31951,9.32780,20182
2020.03.17,16:00,9.32780,9.40497,9.31804,9.37718,15894
2020.03.17,20:00,9.37795,9.40810,9.34596,9.40459,3245
2020.03.18,00:00,9.40498,9.41771,9.39110,9.40485,9073
2020.03.18,04:00,9.40483,9.40891,9.33443,9.34161,11785
2020.03.18,08:00,9.34160,9.37050,9.21973,9.25426,18734
2020.03.18,12:00,9.25421,9.25421,9.12171,9.13719,18331
2020.03.18,16:00,9.13738,9.14154,8.90422,8.98606,9368
2020.03.18,20:00,8.98646,9.05495,8.97552,9.01163,2207
2020.03.19,00:00,9.01318,9.02317,8.91026,8.93242,7752
2020.03.19,04:00,8.93237,9.01162,8.91038,8.91700,10619
2020.03.19,08:00,8.92096,8.99516,8.90739,8.95808,17943
2020.03.19,12:00,8.95808,9.15237,8.95066,9.05977,15326
2020.03.19,16:00,9.05913,9.07502,8.92392,8.95577,15990
2020.03.19,20:00,8.95570,8.96263,8.85377,8.91743,2510
2020.03.20,00:00,8.91854,9.04799,8.90912,9.01338,3309
2020.03.20,04:00,9.01691,9.20274,8.99941,9.15954,6263
2020.03.20,08:00,9.16380,9.21317,9.08602,9.11228,12576
2020.03.20,12:00,9.11243,9.25502,9.08994,9.10535,16355
2020.03.20,16:00,9.10582,9.11558,8.96235,8.98345,11894
2020.03.20,20:00,8.98391,9.04813,8.96404,9.00858,466
2020.03.22,21:05,9.03018,9.04576,8.94453,9.01486,900
2020.03.23,00:00,9.01466,9.04256,8.98173,9.03515,3537
2020.03.23,04:00,9.03518,9.08600,9.00236,9.03427,4680
2020.03.23,08:00,9.03427,9.04957,8.92382,8.93100,16601
2020.03.23,12:00,8.93092,9.05416,8.90076,8.91156,14217
2020.03.23,16:00,8.91133,8.97406,8.87721,8.89685,15857
2020.03.23,20:00,8.89685,8.99248,8.89661,8.99190,2674
2020.03.24,00:00,8.99217,9.03895,8.98118,9.01672,7790
2020.03.24,04:00,9.01672,9.06622,8.99897,9.02793,7865
2020.03.24,08:00,9.02979,9.14117,9.02190,9.10828,14212
2020.03.24,12:00,9.10976,9.14329,9.05918,9.13787,18565
2020.03.24,16:00,9.13749,9.15056,9.08221,9.10531,16553
2020.03.24,20:00,9.10570,9.14312,9.09261,9.13969,3361
2020.03.25,00:00,9.13930,9.16244,9.11302,9.15129,6678
2020.03.25,04:00,9.15075,9.19665,9.14113,9.17749,7227
2020.03.25,08:00,9.17718,9.28329,9.16079,9.21257,16599
2020.03.25,12:00,9.21257,9.21774,9.02409,9.11528,19351
2020.03.25,16:00,9.11551,9.23739,9.10892,9.20548,15184
2020.03.25,20:00,9.20552,9.23552,9.12953,9.18561,2503
2020.03.26,00:00,9.18421,9.21292,9.16561,9.19569,5471
2020.03.26,04:00,9.19561,9.25501,9.16398,9.25501,5082
2020.03.26,08:00,9.25446,9.30463,9.19949,9.27384,14714
2020.03.26,12:00,9.27158,9.41305,9.24995,9.40754,18750
2020.03.26,16:00,9.40731,9.47879,9.39344,9.47714,15884
2020.03.26,20:00,9.47792,9.47807,9.40211,9.45098,2662
2020.03.27,00:00,9.45144,9.53818,9.43126,9.52610,3952
2020.03.27,04:00,9.52634,9.52641,9.44015,9.45750,4307
2020.03.27,08:00,9.45688,9.52926,9.41311,9.47136,10893
2020.03.27,12:00,9.47152,9.60163,9.46117,9.57786,16392
2020.03.27,16:00,9.57770,9.67858,9.56537,9.66175,17007
2020.03.27,20:00,9.66244,9.67005,9.64325,9.64869,598
2020.03.29,21:05,9.64359,9.65380,9.60759,9.65083,769
2020.03.30,00:00,9.65078,9.66372,9.58356,9.59579,4469
2020.03.30,04:00,9.59486,9.63425,9.55011,9.57658,9467
2020.03.30,08:00,9.57620,9.64678,9.56994,9.63542,12202
2020.03.30,12:00,9.63689,9.64717,9.59308,9.60688,16590
2020.03.30,16:00,9.60696,9.63184,9.57779,9.62866,11506
2020.03.30,20:00,9.62881,9.63546,9.57283,9.59165,2122
2020.03.31,00:00,9.58993,9.60615,9.50189,9.56987,3652
2020.03.31,04:00,9.56994,9.58576,9.52476,9.54883,9209
2020.03.31,08:00,9.54906,9.59211,9.54358,9.57498,13951
2020.03.31,12:00,9.57521,9.66739,9.57131,9.64984,18481
2020.03.31,16:00,9.65008,9.65372,9.57944,9.63760,15095
2020.03.31,20:00,9.63711,9.63750,9.60809,9.61597,2608
2020.04.01,00:00,9.61612,9.63288,9.58479,9.59568,3459
2020.04.01,04:00,9.59563,9.60694,9.55765,9.57560,8745
2020.04.01,08:00,9.57575,9.60950,9.56206,9.59799,11959
2020.04.01,12:00,9.59792,9.64307,9.57948,9.60733,14660
2020.04.01,16:00,9.60734,9.62460,9.58696,9.60740,11574
2020.04.01,20:00,9.60879,9.61505,9.58329,9.59652,2899
2020.04.02,00:00,9.59649,9.61855,9.59198,9.60027,4631
2020.04.02,04:00,9.60035,9.63645,9.59401,9.61693,7556
2020.04.02,08:00,9.61646,9.66957,9.60167,9.63389,12054
2020.04.02,12:00,9.63529,9.65398,9.57497,9.59362,17081
2020.04.02,16:00,9.59354,9.61424,9.57208,9.60833,11987
2020.04.02,20:00,9.60825,9.62608,9.59712,9.60417,2703
2020.04.03,00:00,9.60417,9.60569,9.58844,9.58889,6838
2020.04.03,04:00,9.58889,9.60896,9.55620,9.56753,9410
2020.04.03,08:00,9.56768,9.57018,9.50677,9.52943,13316
2020.04.03,12:00,9.52936,9.53633,9.46193,9.47734,15604
2020.04.03,16:00,9.47719,9.52561,9.47386,9.50707,11124
2020.04.03,20:00,9.50686,9.51874,9.50097,9.50775,1305
2020.04.05,21:05,9.48174,9.50467,9.46649,9.47124,954
2020.04.06,00:00,9.47203,9.49882,9.46602,9.48560,6934
2020.04.06,04:00,9.48536,9.55230,9.47066,9.54630,8551
2020.04.06,08:00,9.54646,9.55472,9.51480,9.54369,11938
2020.04.06,12:00,9.54322,9.54927,9.49611,9.53140,13334
2020.04.06,16:00,9.53133,9.54905,9.46794,9.49077,10764
2020.04.06,20:00,9.49093,9.49965,9.42954,9.47986,3902
2020.04.07,00:00,9.47986,9.51530,9.47110,9.50662,5682
2020.04.07,04:00,9.50646,9.57452,9.50328,9.56664,9938
2020.04.07,08:00,9.56656,9.57922,9.52151,9.57122,13696
2020.04.07,12:00,9.57115,9.59962,9.52883,9.56714,15166
2020.04.07,16:00,9.56722,9.57925,9.55026,9.56837,10497
2020.04.07,20:00,9.56829,9.57529,9.54790,9.56272,2551
2020.04.08,00:00,9.56265,9.56615,9.54160,9.54215,6295
2020.04.08,04:00,9.54176,9.56698,9.52505,9.54707,9026
2020.04.08,08:00,9.54769,9.59237,9.53376,9.58040,10948
2020.04.08,12:00,9.58032,9.62723,9.57580,9.60606,12426
2020.04.08,16:00,9.60607,9.62492,9.59150,9.59169,8559
2020.04.08,20:00,9.59215,9.60646,9.58863,9.60423,2902
2020.04.09,00:00,9.60423,9.62640,9.60153,9.61025,7459
2020.04.09,04:00,9.61033,9.62260,9.58294,9.61710,8409
2020.04.09,08:00,9.61751,9.65095,9.60835,9.62401,12138
2020.04.09,12:00,9.62416,9.67581,9.61456,9.65602,15495
2020.04.09,16:00,9.65594,9.67836,9.64498,9.66867,12430
2020.04.09,20:00,9.66844,9.67036,9.65356,9.65705,1824
2020.04.12,21:05,9.65257,9.66917,9.65257,9.65867,801
2020.04.13,00:00,9.65844,9.66812,9.65380,9.66493,4469
2020.04.13,04:00,9.66502,9.71806,9.66408,9.69397,6832
2020.04.13,08:00,9.69420,9.70185,9.67062,9.68503,8137
2020.04.13,12:00,9.68503,9.70978,9.67279,9.70257,8525
2020.04.13,16:00,9.70319,9.71448,9.69754,9.70326,7170
2020.04.13,20:00,9.70349,9.71234,9.69066,9.70534,2342
2020.04.14,00:00,9.70565,9.74206,9.69770,9.73923,6076
2020.04.14,04:00,9.73924,9.74717,9.71869,9.73570,7559
2020.04.14,08:00,9.73546,9.74737,9.70628,9.73668,10910
2020.04.14,12:00,9.73661,9.78334,9.72973,9.77818,13944
2020.04.14,16:00,9.77810,9.80298,9.76739,9.78494,9789
2020.04.14,20:00,9.78494,9.79421,9.78154,9.78539,2872
2020.04.15,00:00,9.78560,9.78569,9.77054,9.77282,4214
2020.04.15,04:00,9.77274,9.77362,9.70091,9.70519,7649
2020.04.15,08:00,9.70519,9.71469,9.67795,9.69262,9156
2020.04.15,12:00,9.69269,9.69760,9.64097,9.68563,13708
2020.04.15,16:00,9.68547,9.74493,9.67946,9.72609,12401
2020.04.15,20:00,9.72609,9.72733,9.69690,9.70515,3819
2020.04.16,00:00,9.70540,9.70815,9.66585,9.67548,6631
2020.04.16,04:00,9.67625,9.69891,9.65705,9.68668,6663
2020.04.16,08:00,9.68676,9.69324,9.65449,9.68181,12270
2020.04.16,12:00,9.68200,9.69951,9.64446,9.64999,13052
2020.04.16,16:00,9.64968,9.65914,9.61712,9.65418,12285
2020.04.16,20:00,9.65426,9.68129,9.64518,9.67233,4814
2020.04.17,00:00,9.67256,9.70539,9.67017,9.69547,6887
2020.04.17,04:00,9.69594,9.69640,9.66126,9.68264,6252
2020.04.17,08:00,9.68248,9.68823,9.61592,9.64636,12703
2020.04.17,12:00,9.64644,9.69692,9.64393,9.69147,13278
2020.04.17,16:00,9.69124,9.70073,9.67171,9.67847,10525
2020.04.17,20:00,9.67832,9.69282,9.67334,9.67973,3377
2020.04.19,21:05,9.68537,9.68779,9.68025,9.68154,475
2020.04.20,00:00,9.68146,9.68323,9.66941,9.67073,4739
2020.04.20,04:00,9.67081,9.67528,9.64400,9.65504,6117
2020.04.20,08:00,9.65496,9.68126,9.63620,9.65943,10694
2020.04.20,12:00,9.65943,9.67716,9.62232,9.66678,11777
2020.04.20,16:00,9.66639,9.67132,9.64258,9.64282,9348
2020.04.20,20:00,9.64297,9.65026,9.63244,9.64179,3843
2020.04.21,00:00,9.64179,9.64350,9.60088,9.60945,5829
2020.04.21,04:00,9.60999,9.62405,9.60638,9.61994,5925
2020.04.21,08:00,9.62010,9.62612,9.54371,9.56133,12173
2020.04.21,12:00,9.56086,9.56110,9.50621,9.51102,13910
2020.04.21,16:00,9.51071,9.53435,9.49117,9.51692,12692
2020.04.21,20:00,9.51700,9.53938,9.51662,9.52886,3862
2020.04.22,00:00,9.52880,9.53529,9.51679,9.52577,5049
2020.04.22,04:00,9.52569,9.55357,9.51201,9.53428,5991
2020.04.22,08:00,9.53382,9.58533,9.53039,9.58189,11008
2020.04.22,12:00,9.58181,9.59838,9.54047,9.55417,11876
2020.04.22,16:00,9.55417,9.56604,9.53242,9.54589,8110
2020.04.22,20:00,9.54605,9.56584,9.54017,9.56384,3111
2020.04.23,00:00,9.56430,9.56593,9.54228,9.55665,5506
2020.04.23,04:00,9.55626,9.59169,9.55022,9.57399,6318
2020.04.23,08:00,9.57368,9.58123,9.53961,9.57219,12219
2020.04.23,12:00,9.57227,9.62084,9.55057,9.59914,13382
2020.04.23,16:00,9.59922,9.61432,9.55804,9.57461,11105
2020.04.23,20:00,9.57461,9.57583,9.56155,9.57376,3441
2020.04.24,00:00,9.57376,9.57844,9.56454,9.57277,4619
2020.04.24,04:00,9.57230,9.57965,9.54996,9.55043,5503
2020.04.24,08:00,9.55113,9.58050,9.53182,9.57794,10978
2020.04.24,12:00,9.57794,9.59282,9.54850,9.56191,12227
2020.04.24,16:00,9.56178,9.57991,9.54780,9.57284,9061
2020.04.24,20:00,9.57253,9.58866,9.57010,9.58081,3184
2020.04.26,21:05,9.58272,9.58499,9.58161,9.58264,368
2020.04.27,00:00,9.58241,9.61615,9.57865,9.59867,4920
2020.04.27,04:00,9.59828,9.65176,9.59758,9.64182,5783
2020.04.27,08:00,9.64144,9.64791,9.62160,9.64377,9373
2020.04.27,12:00,9.64385,9.64836,9.60913,9.61572,10525
2020.04.27,16:00,9.61572,9.62972,9.61060,9.62663,8174
2020.04.27,20:00,9.62679,9.63429,9.62070,9.62956,2918
2020.04.28,00:00,9.63010,9.63799,9.61954,9.62341,4556
2020.04.28,04:00,9.62310,9.62977,9.61349,9.61641,5811
2020.04.28,08:00,9.61642,9.69281,9.61428,9.68138,12534
2020.04.28,12:00,9.68147,9.70124,9.63260,9.63798,11454
2020.04.28,16:00,9.63790,9.65137,9.62551,9.63520,9506
2020.04.28,20:00,9.63513,9.64056,9.62532,9.62942,3144
2020.04.29,00:00,9.63010,9.67049,9.62977,9.66888,5338
2020.04.29,04:00,9.66865,9.67572,9.65474,9.65908,5838
2020.04.29,08:00,9.65908,9.66744,9.60597,9.61005,11252
2020.04.29,12:00,9.61013,9.65039,9.60123,9.63672,11429
2020.04.29,16:00,9.63688,9.66263,9.62651,9.64884,10521
2020.04.29,20:00,9.64829,9.67416,9.64504,9.66527,4439
2020.04.30,00:00,9.66574,9.66841,9.63198,9.64926,4474
2020.04.30,04:00,9.64926,9.67328,9.64625,9.66033,5624
2020.04.30,08:00,9.66087,9.70053,9.64185,9.69960,11464
2020.04.30,12:00,9.69937,9.77987,9.66956,9.77692,14707
2020.04.30,16:00,9.77676,9.80002,9.73943,9.76507,13045
2020.04.30,20:00,9.76488,9.76975,9.74785,9.75327,4310
2020.05.01,00:00,9.75304,9.75745,9.72950,9.73986,5481
2020.05.01,04:00,9.73955,9.75175,9.72404,9.73354,5618
2020.05.01,08:00,9.73361,9.74715,9.71538,9.72978,9449
2020.05.01,12:00,9.72976,9.73862,9.69900,9.72477,11324
2020.05.01,16:00,9.72492,9.72508,9.67835,9.67858,10217
2020.05.01,20:00,9.67765,9.69957,9.67704,9.68315,2898
2020.05.03,21:05,9.67729,9.67818,9.65452,9.65569,1089
2020.05.04,00:00,9.65615,9.66040,9.64472,9.65962,5837
2020.05.04,04:00,9.65958,9.67113,9.63094,9.66564,6391
2020.05.04,08:00,9.66603,9.66641,9.61808,9.61899,11816
2020.05.04,12:00,9.61906,9.65268,9.61824,9.63042,12509
2020.05.04,16:00,9.63042,9.64812,9.62278,9.64637,9010
2020.05.04,20:00,9.64653,9.65158,9.64113,9.64698,3215
2020.05.05,00:00,9.64700,9.66931,9.64546,9.66273,5319
2020.05.05,04:00,9.66275,9.67234,9.65393,9.65759,5885
2020.05.05,08:00,9.65798,9.67931,9.62973,9.65446,13933
2020.05.05,12:00,9.65447,9.67507,9.64449,9.65581,12956
2020.05.05,16:00,9.65550,9.65838,9.63749,9.65489,7590
2020.05.05,20:00,9.65396,9.65427,9.63958,9.64875,3989
2020.05.06,00:00,9.64844,9.65162,9.63309,9.64228,5441
2020.05.06,04:00,9.64235,9.64290,9.62919,9.64033,6434
2020.05.06,08:00,9.63994,9.64964,9.57997,9.59084,11446
2020.05.06,12:00,9.59107,9.60598,9.56794,9.58247,11745
2020.05.06,16:00,9.58201,9.58672,9.56188,9.56959,9346
2020.05.06,20:00,9.56943,9.57399,9.55529,9.55950,3324
2020.05.07,00:00,9.56012,9.56028,9.54240,9.55409,5753
2020.05.07,04:00,9.55416,9.59810,9.54732,9.59713,6639
2020.05.07,08:00,9.59668,9.62448,9.55939,9.58759,11469
2020.05.07,12:00,9.58772,9.59489,9.50701,9.52225,12240
2020.05.07,16:00,9.52310,9.59440,9.52056,9.57741,11190
2020.05.07,20:00,9.57741,9.59101,9.57349,9.58949,3995
2020.05.08,00:00,9.58933,9.61703,9.58629,9.61175,6099
2020.05.08,04:00,9.61160,9.61268,9.59197,9.59267,4972
2020.05.08,08:00,9.59281,9.60891,9.58813,9.59423,7050
2020.05.08,12:00,9.59383,9.66367,9.57741,9.65297,11215
2020.05.08,16:00,9.65325,9.65510,9.61742,9.61962,7406
2020.05.08,20:00,9.61946,9.62059,9.61307,9.61415,2204
2020.05.10,21:05,9.61458,9.61758,9.60843,9.61541,730
2020.05.11,00:00,9.61540,9.64019,9.61182,9.63437,5659
2020.05.11,04:00,9.63429,9.63679,9.61713,9.62758,5399
2020.05.11,08:00,9.62734,9.62853,9.54972,9.55089,11511
2020.05.11,12:00,9.55096,9.58031,9.51900,9.57715,12724
2020.05.11,16:00,9.57723,9.57979,9.54779,9.55623,10901
2020.05.11,20:00,9.55585,9.56563,9.55219,9.56035,3769
2020.05.12,00:00,9.56069,9.56193,9.52278,9.54575,6904
2020.05.12,04:00,9.54590,9.56531,9.53913,9.55746,6849
2020.05.12,08:00,9.55754,9.58457,9.53608,9.56815,11822
2020.05.12,12:00,9.56853,9.59178,9.53664,9.55619,13630
2020.05.12,16:00,9.55611,9.55892,9.50709,9.51804,11719
2020.05.12,20:00,9.51812,9.52657,9.49845,9.50820,5052
2020.05.13,00:00,9.50828,9.51296,9.49491,9.51083,7193
2020.05.13,04:00,9.51052,9.53357,9.49970,9.52693,7673
2020.05.13,08:00,9.52687,9.54360,9.50474,9.52931,11847
2020.05.13,12:00,9.52916,9.56296,9.47261,9.47575,14969
2020.05.13,16:00,9.47560,9.48844,9.46323,9.46997,12361
2020.05.13,20:00,9.46997,9.48455,9.46649,9.48041,4780
2020.05.14,00:00,9.48103,9.48770,9.45858,9.46884,6706
2020.05.14,04:00,9.46923,9.47030,9.44127,9.44522,5991
2020.05.14,08:00,9.44522,9.47843,9.44062,9.45612,11726
2020.05.14,12:00,9.45643,9.46948,9.42862,9.45509,13366
2020.05.14,16:00,9.45509,9.46494,9.43919,9.45214,11603
2020.05.14,20:00,9.45222,9.48187,9.45042,9.47573,5011
2020.05.15,00:00,9.47581,9.48596,9.45826,9.46390,6897
2020.05.15,04:00,9.46413,9.47057,9.44801,9.45350,6247
2020.05.15,08:00,9.45312,9.47543,9.44707,9.45386,11101
2020.05.15,12:00,9.45401,9.45845,9.38960,9.39803,15972
2020.05.15,16:00,9.39795,9.40682,9.38915,9.39199,10162
2020.05.15,20:00,9.39214,9.39488,9.37823,9.37823,3489
2020.05.17,21:05,9.36872,9.37679,9.35870,9.37027,1358
2020.05.18,00:00,9.37027,9.39044,9.36196,9.38509,6592
2020.05.18,04:00,9.38494,9.38978,9.37218,9.38111,6001
2020.05.18,08:00,9.38111,9.40900,9.37520,9.39801,11007
2020.05.18,12:00,9.39832,9.46258,9.39271,9.45045,12681
2020.05.18,16:00,9.45052,9.47712,9.43613,9.44972,11637
2020.05.18,20:00,9.45010,9.45710,9.44403,9.45636,3837
2020.05.19,00:00,9.45675,9.47264,9.44952,9.45169,6451
2020.05.19,04:00,9.45208,9.50757,9.44316,9.49371,7712
2020.05.19,08:00,9.49386,9.50354,9.46982,9.49211,12828
2020.05.19,12:00,9.49179,9.50882,9.47290,9.49600,11901
2020.05.19,16:00,9.49623,9.52973,9.48540,9.51833,8647
2020.05.19,20:00,9.51786,9.52461,9.48200,9.49378,4832
2020.05.20,00:00,9.49385,9.51402,9.49276,9.50101,5476
2020.05.20,04:00,9.50125,9.50851,9.47600,9.47841,6496
2020.05.20,08:00,9.47825,9.50969,9.47110,9.50705,11956
2020.05.20,12:00,9.50689,9.52239,9.48771,9.50844,11874
2020.05.20,16:00,9.50875,9.51263,9.47469,9.47723,9739
2020.05.20,20:00,9.47778,9.48864,9.47534,9.48359,4000
2020.05.21,00:00,9.48374,9.48546,9.44869,9.45466,5640
2020.05.21,04:00,9.45474,9.45951,9.44347,9.45531,4805
2020.05.21,08:00,9.45546,9.49338,9.44490,9.48017,11088
2020.05.21,12:00,9.48040,9.49837,9.46438,9.47034,13448
2020.05.21,16:00,9.46995,9.49127,9.46662,9.48657,9370
2020.05.21,20:00,9.48680,9.49239,9.46973,9.47854,3779
2020.05.22,00:00,9.47885,9.48526,9.46286,9.46807,7389
2020.05.22,04:00,9.46807,9.47658,9.45922,9.46625,7886
2020.05.22,08:00,9.46695,9.46767,9.43094,9.44743,12311
2020.05.22,12:00,9.44751,9.46849,9.43520,9.45569,10575
2020.05.22,16:00,9.45561,9.45561,9.43492,9.44140,6756
2020.05.22,20:00,9.44148,9.44669,9.43374,9.43374,2557
2020.05.24,21:05,9.43789,9.45307,9.43508,9.45088,331
2020.05.25,00:00,9.45010,9.45622,9.44174,9.44182,5380
2020.05.25,04:00,9.44191,9.44938,9.43839,9.44139,6213
2020.05.25,08:00,9.44119,9.45080,9.43327,9.44611,8640
2020.05.25,12:00,9.44634,9.46235,9.43941,9.45623,8630
2020.05.25,16:00,9.45592,9.45909,9.44798,9.45324,7409
2020.05.25,20:00,9.45297,9.45607,9.44106,9.45059,1912
2020.05.26,00:00,9.45082,9.47556,9.45012,9.46428,6345
2020.05.26,04:00,9.46428,9.50204,9.46147,9.49973,6170
2020.05.26,08:00,9.49966,9.55413,9.49648,9.54202,12451
2020.05.26,12:00,9.54132,9.58407,9.53671,9.58366,12099
2020.05.26,16:00,9.58335,9.58335,9.55231,9.56919,9419
2020.05.26,20:00,9.56880,9.57098,9.55563,9.56155,4797
2020.05.27,00:00,9.56147,9.56417,9.54405,9.55186,7185
2020.05.27,04:00,9.55186,9.56029,9.53813,9.54468,6594
2020.05.27,08:00,9.54445,9.57704,9.52049,9.56074,14437
2020.05.27,12:00,9.56074,9.56644,9.46609,9.46622,15387
2020.05.27,16:00,9.46655,9.50330,9.46027,9.50230,11809
2020.05.27,20:00,9.50214,9.50942,9.49602,9.50942,4451
2020.05.28,00:00,9.50942,9.51699,9.50414,9.51002,6049
2020.05.28,04:00,9.50987,9.52126,9.49629,9.51085,6674
2020.05.28,08:00,9.51038,9.52387,9.48399,9.48828,11309
2020.05.28,12:00,9.48818,9.56241,9.48715,9.55066,12023
2020.05.28,16:00,9.55097,9.56905,9.54136,9.56818,9534
2020.05.28,20:00,9.56810,9.56937,9.54360,9.55042,5008
2020.05.29,00:00,9.55027,9.55783,9.54176,9.55645,6899
2020.05.29,04:00,9.55669,9.58081,9.55210,9.57206,6604
2020.05.29,08:00,9.57190,9.57692,9.52836,9.55535,12187
2020.05.29,12:00,9.55524,9.61070,9.55191,9.58590,14005
2020.05.29,16:00,9.58558,9.58574,9.52689,9.55344,12694
2020.05.29,20:00,9.55445,9.57977,9.54688,9.56939,4815
2020.05.31,21:05,9.55413,9.57831,9.55413,9.57158,1724
2020.06.01,00:00,9.57135,9.62383,9.56853,9.61557,7407
2020.06.01,04:00,9.61550,9.61824,9.59412,9.60108,5970
2020.06.01,08:00,9.60107,9.63160,9.59460,9.59977,10866
2020.06.01,12:00,9.59979,9.67661,9.59163,9.67480,10371
2020.06.01,16:00,9.67472,9.68522,9.65453,9.68522,8095
2020.06.01,20:00,9.68489,9.69296,9.67545,9.67792,3865
2020.06.02,00:00,9.67823,9.70747,9.67445,9.67700,6534
2020.06.02,04:00,9.67676,9.73005,9.67164,9.71022,6077
2020.06.02,08:00,9.71161,9.74591,9.68639,9.73611,12323
2020.06.02,12:00,9.73616,9.74198,9.70937,9.73162,11866
2020.06.02,16:00,9.73185,9.73408,9.70903,9.72052,8798
2020.06.02,20:00,9.72036,9.72866,9.71340,9.72608,3368
2020.06.03,00:00,9.72655,9.77345,9.72482,9.74626,8410
2020.06.03,04:00,9.74603,9.76366,9.74226,9.76200,5471
2020.06.03,08:00,9.76130,9.77075,9.73703,9.74720,11246
2020.06.03,12:00,9.74759,9.76818,9.72898,9.76219,13422
2020.06.03,16:00,9.76203,9.77641,9.75082,9.75531,8926
2020.06.03,20:00,9.75508,9.76015,9.74022,9.74356,4227
2020.06.04,00:00,9.74355,9.74942,9.71021,9.71848,6346
2020.06.04,04:00,9.71847,9.72379,9.70649,9.71180,4928
2020.06.04,08:00,9.71133,9.72160,9.68781,9.71112,8398
2020.06.04,12:00,9.71081,9.77350,9.69901,9.77202,15502
2020.06.04,16:00,9.77217,9.79017,9.75002,9.77320,11021
2020.06.04,20:00,9.77312,9.77940,9.75272,9.76393,4579
2020.06.05,00:00,9.76409,9.77478,9.75154,9.75804,5836
2020.06.05,04:00,9.75812,9.81438,9.75541,9.80267,6790
2020.06.05,08:00,9.80311,9.83384,9.77823,9.79054,10316
2020.06.05,12:00,9.79070,9.86619,9.78271,9.86196,14709
2020.06.05,16:00,9.86203,9.86242,9.81172,9.81776,9194
2020.06.05,20:00,9.81737,9.82264,9.81318,9.81539,2739
2020.06.07,21:05,9.82571,9.84112,9.82110,9.83918,1156
2020.06.08,00:00,9.83918,9.86489,9.83456,9.84153,6043
2020.06.08,04:00,9.84138,9.85063,9.82946,9.83337,4934
2020.06.08,08:00,9.83353,9.84417,9.78623,9.79412,9881
2020.06.08,12:00,9.79443,9.84504,9.79148,9.83990,10516
2020.06.08,16:00,9.84013,9.86216,9.82777,9.86085,7560
2020.06.08,20:00,9.86069,9.86998,9.85511,9.86866,3428
2020.06.09,00:00,9.86874,9.88487,9.85020,9.85561,6518
2020.06.09,04:00,9.85623,9.85884,9.84068,9.84153,5684
2020.06.09,08:00,9.84191,9.84798,9.78193,9.79784,11780
2020.06.09,12:00,9.79846,9.86331,9.79312,9.85850,11573
2020.06.09,16:00,9.85842,9.87717,9.85644,9.87275,7593
2020.06.09,20:00,9.87268,9.87678,9.85904,9.86351,3321
2020.06.10,00:00,9.86305,9.87344,9.84673,9.87097,6394
2020.06.10,04:00,9.87105,9.90296,9.86840,9.88745,6564
2020.06.10,08:00,9.88730,9.90914,9.86369,9.89593,10464
2020.06.10,12:00,9.89584,9.92082,9.87473,9.88400,12162
2020.06.10,16:00,9.88395,9.92946,9.85900,9.89452,12389
2020.06.10,20:00,9.89467,9.90959,9.86759,9.87489,7829
2020.06.11,00:00,9.87496,9.88257,9.84823,9.86758,8072
2020.06.11,04:00,9.86766,9.86839,9.80842,9.82751,9599
2020.06.11,08:00,9.82771,9.85780,9.80444,9.82975,12342
2020.06.11,12:00,9.83006,9.83111,9.79064,9.79945,14044
2020.06.11,16:00,9.79914,9.81329,9.75752,9.76047,14700
2020.06.11,20:00,9.76032,9.76987,9.74167,9.75416,7207
2020.06.12,00:00,9.75386,9.75563,9.72300,9.73655,8627
2020.06.12,04:00,9.73640,9.77006,9.73060,9.74516,8297
2020.06.12,08:00,9.74532,9.80590,9.74378,9.77978,12505
2020.06.12,12:00,9.78002,9.79380,9.71414,9.71918,13016
2020.06.12,16:00,9.71902,9.72654,9.66680,9.67980,15785
2020.06.12,20:00,9.67995,9.72540,9.67987,9.71740,4526
2020.06.14,21:05,9.70087,9.70288,9.67644,9.69565,1689
2020.06.15,00:00,9.69565,9.70552,9.68512,9.69617,9852
2020.06.15,04:00,9.69648,9.70693,9.65187,9.65815,9647
2020.06.15,08:00,9.65916,9.72406,9.65418,9.69433,12969
2020.06.15,12:00,9.69471,9.74824,9.69107,9.73756,13517
2020.06.15,16:00,9.73771,9.76739,9.71328,9.75153,11611
2020.06.15,20:00,9.75145,9.78612,9.75105,9.78426,5974
2020.06.16,00:00,9.78379,9.81836,9.77764,9.81757,8140
2020.06.16,04:00,9.81742,9.83245,9.79576,9.80134,8134
2020.06.16,08:00,9.80173,9.81424,9.77126,9.80285,12449
2020.06.16,12:00,9.80324,9.82760,9.73098,9.73899,14666
2020.06.16,16:00,9.73915,9.77400,9.72775,9.74669,12638
2020.06.16,20:00,9.74661,9.74819,9.73005,9.73864,4892
2020.06.17,00:00,9.73841,9.75454,9.71942,9.72261,8201
2020.06.17,04:00,9.72323,9.75241,9.72181,9.73758,6748
2020.06.17,08:00,9.73766,9.75595,9.70528,9.74040,12417
2020.06.17,12:00,9.74031,9.75156,9.69593,9.71927,13032
2020.06.17,16:00,9.71904,9.73147,9.70007,9.71774,7923
2020.06.17,20:00,9.71728,9.73861,9.71331,9.73211,4431
2020.06.18,00:00,9.73219,9.73558,9.70703,9.71217,8324
2020.06.18,04:00,9.71241,9.73385,9.71159,9.72580,6695
2020.06.18,08:00,9.72565,9.72565,9.66796,9.68716,12137
2020.06.18,12:00,9.68731,9.72530,9.61100,9.62388,13660
2020.06.18,16:00,9.62473,9.64408,9.61380,9.62523,8742
2020.06.18,20:00,9.62531,9.63306,9.61781,9.63146,3700
2020.06.19,00:00,9.63138,9.63450,9.61375,9.63293,6419
2020.06.19,04:00,9.63285,9.65305,9.62980,9.64751,5525
2020.06.19,08:00,9.64743,9.64743,9.59133,9.59609,9621
2020.06.19,12:00,9.59618,9.61881,9.56987,9.57894,11646
2020.06.19,16:00,9.57901,9.59296,9.56625,9.57459,10190
2020.06.19,20:00,9.57467,9.57956,9.56561,9.56899,2656
2020.06.21,21:05,9.56533,9.57587,9.56316,9.56795,1603
2020.06.22,00:00,9.56819,9.59051,9.55961,9.58440,7935
2020.06.22,04:00,9.58447,9.61080,9.58243,9.59721,5905
2020.06.22,08:00,9.59806,9.63598,9.59081,9.59518,10424
2020.06.22,12:00,9.59503,9.65284,9.59440,9.64581,10180
2020.06.22,16:00,9.64534,9.66931,9.64079,9.66625,5472
2020.06.22,20:00,9.66633,9.68079,9.65487,9.67839,3967
2020.06.23,00:00,9.67885,9.69223,9.63795,9.67617,10214
2020.06.23,04:00,9.67633,9.67747,9.64185,9.66532,6781
2020.06.23,08:00,9.66501,9.69704,9.64176,9.65323,11258
2020.06.23,12:00,9.65300,9.70958,9.63446,9.70497,11500
2020.06.23,16:00,9.70505,9.71183,9.69596,9.70494,7483
2020.06.23,20:00,9.70447,9.70526,9.69398,9.70050,3561
2020.06.24,00:00,9.70011,9.71991,9.69669,9.70237,7043
2020.06.24,04:00,9.70268,9.70710,9.68810,9.69818,5194
2020.06.24,08:00,9.69825,9.71605,9.66057,9.70439,11819
2020.06.24,12:00,9.70423,9.71245,9.63530,9.64984,12809
2020.06.24,16:00,9.64945,9.65103,9.62250,9.62721,10927
2020.06.24,20:00,9.62716,9.63121,9.61972,9.62077,3900
2020.06.25,00:00,9.62110,9.63584,9.61576,9.61941,6932
2020.06.25,04:00,9.61980,9.62913,9.61287,9.62640,6121
2020.06.25,08:00,9.62638,9.65946,9.61414,9.64241,10836
2020.06.25,12:00,9.64240,9.65339,9.60176,9.61501,12076
2020.06.25,16:00,9.61509,9.62643,9.60890,9.61591,6956
2020.06.25,20:00,9.61599,9.63179,9.61452,9.62673,4780
2020.06.26,00:00,9.62689,9.63355,9.61786,9.62418,6894
2020.06.26,04:00,9.62417,9.63841,9.61427,9.61441,5275
2020.06.26,08:00,9.61426,9.62441,9.59270,9.61975,8939
2020.06.26,12:00,9.61954,9.62325,9.54388,9.54814,10065
2020.06.26,16:00,9.54861,9.57497,9.54465,9.56515,8055
2020.06.26,20:00,9.56499,9.56894,9.55755,9.56023,2504
2020.06.28,21:05,9.55829,9.56612,9.55172,9.56373,1022
2020.06.29,00:00,9.56389,9.58922,9.55729,9.58483,5097
2020.06.29,04:00,9.58514,9.60185,9.58008,9.59240,5541
2020.06.29,08:00,9.59257,9.59505,9.54386,9.54824,9100
2020.06.29,12:00,9.54816,9.55634,9.50575,9.50628,9888
2020.06.29,16:00,9.50635,9.52771,9.49535,9.52120,6797
2020.06.29,20:00,9.52112,9.54184,9.51825,9.53943,2637
2020.06.30,00:00,9.53935,9.54568,9.52883,9.53408,4104
2020.06.30,04:00,9.53384,9.53935,9.50725,9.51204,4030
2020.06.30,08:00,9.51196,9.52712,9.49924,9.50849,8525
2020.06.30,12:00,9.50833,9.58316,9.50281,9.57581,10989
2020.06.30,16:00,9.57620,9.60402,9.57126,9.60313,8654
2020.06.30,20:00,9.60305,9.61075,9.59089,9.60478,2879
2020.07.01,00:00,9.60502,9.60535,9.59201,9.59622,4692
2020.07.01,04:00,9.59630,9.60080,9.57846,9.59662,4683
2020.07.01,08:00,9.59647,9.62624,9.58868,9.61562,8862
2020.07.01,12:00,9.61593,9.65650,9.58966,9.65524,11892
2020.07.01,16:00,9.65470,9.68020,9.65102,9.66585,7960
2020.07.01,20:00,9.66531,9.67903,9.66136,9.66975,2801
2020.07.02,00:00,9.67024,9.67866,9.65722,9.67562,5116
2020.07.02,04:00,9.67570,9.69233,9.67210,9.68007,4092
2020.07.02,08:00,9.67990,9.70816,9.67044,9.69141,8362
2020.07.02,12:00,9.69118,9.71066,9.65769,9.66069,11974
2020.07.02,16:00,9.66061,9.67325,9.65338,9.65946,7098
2020.07.02,20:00,9.65938,9.66482,9.65424,9.66465,2812
2020.07.03,00:00,9.66380,9.66603,9.65441,9.65627,4964
2020.07.03,04:00,9.65658,9.67202,9.65415,9.66916,5037
2020.07.03,08:00,9.66909,9.67671,9.63907,9.65441,8468
2020.07.03,12:00,9.65449,9.66478,9.64390,9.66082,6645
2020.07.03,16:00,9.66051,9.67005,9.65608,9.66950,6781
2020.07.03,20:00,9.66958,9.67415,9.66679,9.67036,2286
2020.07.05,21:05,9.66422,9.66873,9.65267,9.66548,754
2020.07.06,00:00,9.66541,9.67894,9.66382,9.67454,4440
2020.07.06,04:00,9.67477,9.69460,9.67391,9.68972,4304
2020.07.06,08:00,9.69041,9.69342,9.66861,9.68269,9204
2020.07.06,12:00,9.68261,9.70228,9.67131,9.69362,9594
2020.07.06,16:00,9.69385,9.69486,9.67174,9.68506,5895
2020.07.06,20:00,9.68537,9.68560,9.67646,9.68029,2770
2020.07.07,00:00,9.68052,9.70094,9.67904,9.68150,5699
2020.07.07,04:00,9.68174,9.69801,9.67413,9.67436,5454
2020.07.07,08:00,9.67444,9.68413,9.65793,9.68327,9712
2020.07.07,12:00,9.68343,9.74810,9.68136,9.74567,10336
2020.07.07,16:00,9.74568,9.75810,9.72812,9.72871,7333
2020.07.07,20:00,9.72894,9.73080,9.71484,9.71918,2979
2020.07.08,00:00,9.71902,9.73882,9.71517,9.73363,6152
2020.07.08,04:00,9.73369,9.73634,9.71666,9.72458,4781
2020.07.08,08:00,9.72396,9.73999,9.69372,9.71357,9231
2020.07.08,12:00,9.71404,9.76539,9.70900,9.76050,10607
2020.07.08,16:00,9.76058,9.78226,9.74036,9.78203,8197
2020.07.08,20:00,9.78113,9.78213,9.76613,9.77087,3354
2020.07.09,00:00,9.77102,9.78654,9.76550,9.77229,5252
2020.07.09,04:00,9.77252,9.80078,9.77028,9.79860,5083
2020.07.09,08:00,9.79837,9.81610,9.78419,9.79413,9061
2020.07.09,12:00,9.79421,9.81812,9.77010,9.77810,10597
2020.07.09,16:00,9.77818,9.78523,9.76453,9.78111,8830
2020.07.09,20:00,9.78135,9.78249,9.76493,9.76857,3665
2020.07.10,00:00,9.76769,9.77172,9.75010,9.75491,4669
2020.07.10,04:00,9.75499,9.75898,9.74332,9.75084,4526
2020.07.10,08:00,9.75146,9.78138,9.73922,9.77536,8968
2020.07.10,12:00,9.77490,9.81459,9.75377,9.81304,10266
2020.07.10,16:00,9.81312,9.81392,9.78143,9.78734,6511
2020.07.10,20:00,9.78687,9.79123,9.78183,9.78214,2469
2020.07.12,21:05,9.78807,9.79581,9.78294,9.79457,1329
2020.07.13,00:00,9.79459,9.80968,9.78320,9.80513,5681
2020.07.13,04:00,9.80498,9.81673,9.80407,9.81198,4691
2020.07.13,08:00,9.81089,9.81451,9.75894,9.76872,8861
2020.07.13,12:00,9.76864,9.79521,9.75964,9.78023,8829
2020.07.13,16:00,9.78021,9.78491,9.74253,9.74357,7070
2020.07.13,20:00,9.74350,9.74512,9.72715,9.73193,4857
2020.07.14,00:00,9.73208,9.73532,9.71753,9.72270,5533
2020.07.14,04:00,9.72278,9.73339,9.71505,9.71628,4456
2020.07.14,08:00,9.71612,9.71832,9.69240,9.70586,9369
2020.07.14,12:00,9.70594,9.72079,9.67348,9.71048,12288
2020.07.14,16:00,9.71064,9.73757,9.70428,9.73186,8896
2020.07.14,20:00,9.73178,9.74613,9.72540,9.74337,3749
2020.07.15,00:00,9.74365,9.75578,9.73765,9.74560,5640
2020.07.15,04:00,9.74561,9.76540,9.73686,9.75801,4613
2020.07.15,08:00,9.75785,9.79414,9.75479,9.78564,9482
2020.07.15,12:00,9.78587,9.80550,9.76442,9.78524,10575
2020.07.15,16:00,9.78505,9.78839,9.74893,9.75309,8086
2020.07.15,20:00,9.75304,9.76091,9.75150,9.75862,2590
2020.07.16,00:00,9.75847,9.76209,9.72883,9.73233,5332
2020.07.16,04:00,9.73225,9.73858,9.71901,9.72287,4759
2020.07.16,08:00,9.72288,9.73991,9.70739,9.71708,9049
2020.07.16,12:00,9.71685,9.76962,9.71609,9.76838,11146
2020.07.16,16:00,9.76845,9.78821,9.72654,9.72724,7563
2020.07.16,20:00,9.72763,9.73575,9.72028,9.73392,4134
2020.07.17,00:00,9.73441,9.74407,9.73265,9.74173,4864
2020.07.17,04:00,9.74180,9.74586,9.72667,9.72956,3721
2020.07.17,08:00,9.72949,9.74056,9.72053,9.73218,7996
2020.07.17,12:00,9.73211,9.73527,9.70131,9.71802,8000
2020.07.17,16:00,9.71818,9.74840,9.71601,9.74293,5533
2020.07.17,20:00,9.74262,9.74972,9.74075,9.74322,2359
2020.07.19,21:05,9.73332,9.74717,9.72836,9.74300,1017
2020.07.20,00:00,9.74346,9.74746,9.70747,9.70789,5158
2020.07.20,04:00,9.70774,9.73750,9.70596,9.73076,5195
2020.07.20,08:00,9.73045,9.77220,9.72315,9.76898,8568
2020.07.20,12:00,9.76905,9.80521,9.76896,9.80247,10138
2020.07.20,16:00,9.80270,9.81714,9.79646,9.81683,5136
2020.07.20,20:00,9.81668,9.81668,9.80803,9.81162,2477
2020.07.21,00:00,9.81193,9.83211,9.81191,9.82610,4554
2020.07.21,04:00,9.82613,9.84443,9.80470,9.83767,5824
2020.07.21,08:00,9.83782,9.85568,9.82134,9.84554,9078
2020.07.21,12:00,9.84515,9.88322,9.82352,9.87966,9948
2020.07.21,16:00,9.87974,9.89522,9.86579,9.88800,7881
2020.07.21,20:00,9.88753,9.89105,9.85310,9.86616,3962
2020.07.22,00:00,9.86695,9.87449,9.85905,9.86548,5434
2020.07.22,04:00,9.86524,9.86851,9.85068,9.85147,4522
2020.07.22,08:00,9.85163,9.86311,9.80030,9.83676,12437
2020.07.22,12:00,9.83660,9.87387,9.82976,9.86944,11762
2020.07.22,16:00,9.86913,9.87768,9.85797,9.87384,7592
2020.07.22,20:00,9.87462,9.87822,9.85786,9.87154,2738
2020.07.23,00:00,9.87162,9.87480,9.86209,9.86311,5160
2020.07.23,04:00,9.86296,9.88562,9.86234,9.87922,4675
2020.07.23,08:00,9.87915,9.88349,9.84259,9.85197,9585
2020.07.23,12:00,9.85213,9.88532,9.82308,9.87856,10894
2020.07.23,16:00,9.87848,9.88968,9.86787,9.87692,11389
2020.07.23,20:00,9.87700,9.87925,9.86544,9.87605,4248
2020.07.24,00:00,9.87614,9.90052,9.86576,9.88623,5560
2020.07.24,04:00,9.88654,9.88881,9.86307,9.88181,6749
2020.07.24,08:00,9.88173,9.88381,9.85733,9.86724,10284
2020.07.24,12:00,9.86776,9.91790,9.86760,9.91432,10179
2020.07.24,16:00,9.91300,9.92430,9.90411,9.91310,7087
2020.07.24,20:00,9.91279,9.92009,9.90927,9.91538,2484
2020.07.26,21:05,9.91726,9.91790,9.90168,9.91591,990
2020.07.27,00:00,9.91616,9.96135,9.91033,9.95813,7539
2020.07.27,04:00,9.95844,9.96697,9.93669,9.93692,6290
2020.07.27,08:00,9.93684,9.97735,9.92693,9.97555,9741
2020.07.27,12:00,9.97501,10.00002,9.95306,9.99604,11279
2020.07.27,16:00,9.99588,9.99923,9.97396,9.97683,7459
2020.07.27,20:00,9.97629,9.99774,9.97311,9.99219,3209
2020.07.28,00:00,9.99219,10.00146,9.97579,9.98077,6677
2020.07.28,04:00,9.98116,9.98215,9.95503,9.97026,7455
2020.07.28,08:00,9.96971,9.98847,9.94927,9.98284,9482
2020.07.28,12:00,9.98292,10.03351,9.96627,10.03265,11167
2020.07.28,16:00,10.03253,10.03847,10.01915,10.03259,7172
2020.07.28,20:00,10.03267,10.03520,10.01535,10.01820,3558
2020.07.29,00:00,10.01862,10.02676,10.00664,10.01543,5659
2020.07.29,04:00,10.01613,10.02559,10.00896,10.02474,5421
2020.07.29,08:00,10.02428,10.05853,10.01724,10.04648,8402
2020.07.29,12:00,10.04679,10.07048,10.04205,10.04862,9547
2020.07.29,16:00,10.04855,10.08457,10.03979,10.04631,8919
2020.07.29,20:00,10.04577,10.07871,10.03488,10.06806,5283
2020.07.30,00:00,10.06844,10.06889,10.05269,10.06290,5501
2020.07.30,04:00,10.06243,10.06749,10.03143,10.03967,5610
2020.07.30,08:00,10.03975,10.08788,10.03657,10.08741,10497
2020.07.30,12:00,10.08733,10.13077,10.07946,10.10881,12267
2020.07.30,16:00,10.10858,10.14468,10.09059,10.14453,9154
2020.07.30,20:00,10.14422,10.15388,10.12992,10.14922,4015
2020.07.31,00:00,10.14936,10.18547,10.14893,10.17640,9401
2020.07.31,04:00,10.17625,10.18423,10.16617,10.18130,7399
2020.07.31,08:00,10.18107,10.18652,10.15610,10.17945,10200
2020.07.31,12:00,10.17939,10.20645,10.16401,10.17257,12126
2020.07.31,16:00,10.17195,10.18998,10.13657,10.15577,11032
2020.07.31,20:00,10.15585,10.15585,10.12920,10.13974,3478
2020.08.02,21:05,10.13064,10.15286,10.12944,10.15162,839
2020.08.03,00:00,10.15170,10.15725,10.11858,10.13954,9699
2020.08.03,04:00,10.13962,10.14999,10.11746,10.12296,6048
2020.08.03,08:00,10.12288,10.16166,10.08409,10.08652,10858
2020.08.03,12:00,10.08668,10.10790,10.07873,10.09909,10837
2020.08.03,16:00,10.09917,10.13627,10.09794,10.13328,7735
2020.08.03,20:00,10.13297,10.13636,10.11770,10.13381,3252
2020.08.04,00:00,10.13366,10.14326,10.12575,10.14186,4541
2020.08.04,04:00,10.14155,10.14326,10.12067,10.13501,4997
2020.08.04,08:00,10.13516,10.15787,10.09578,10.09995,10083
2020.08.04,12:00,10.10011,10.11748,10.06044,10.10908,11259
2020.08.04,16:00,10.10939,10.13170,10.10308,10.11850,7461
2020.08.04,20:00,10.11842,10.13276,10.11559,10.13004,3422
2020.08.05,00:00,10.13019,10.14289,10.12663,10.14233,5696
2020.08.05,04:00,10.14295,10.14987,10.12659,10.14695,4912
2020.08.05,08:00,10.14702,10.17741,10.11967,10.16835,10818
2020.08.05,12:00,10.16819,10.20003,10.16318,10.18464,11617
2020.08.05,16:00,10.18510,10.19254,10.16048,10.16486,7159
2020.08.05,20:00,10.16494,10.17630,10.15858,10.17187,3032
2020.08.06,00:00,10.17156,10.18628,10.16942,10.16965,5912
2020.08.06,04:00,10.16981,10.21656,10.16911,10.20468,6955
2020.08.06,08:00,10.20460,10.21870,10.18395,10.20796,11157
2020.08.06,12:00,10.20805,10.21326,10.17446,10.18567,11200
2020.08.06,16:00,10.18559,10.20714,10.16657,10.19094,8759
2020.08.06,20:00,10.19086,10.19365,10.17420,10.18520,3523
2020.08.07,00:00,10.18513,10.18888,10.16066,10.16429,6098
2020.08.07,04:00,10.16452,10.17778,10.15044,10.16033,6345
2020.08.07,08:00,10.16164,10.17544,10.13492,10.13577,9735
2020.08.07,12:00,10.13570,10.15958,10.08234,10.11504,12917
2020.08.07,16:00,10.11512,10.12058,10.10216,10.11482,7731
2020.08.07,20:00,10.11451,10.12301,10.11269,10.11316,2360
2020.08.09,21:05,10.12159,10.12501,10.10681,10.10847,943
2020.08.10,00:00,10.10831,10.13359,10.10831,10.13075,4554
2020.08.10,04:00,10.13028,10.13350,10.11117,10.11437,3835
2020.08.10,08:00,10.11445,10.14158,10.09177,10.09378,9071
2020.08.10,12:00,10.09363,10.15469,10.08944,10.14372,9139
2020.08.10,16:00,10.14341,10.14709,10.12229,10.12717,6538
2020.08.10,20:00,10.12748,10.13378,10.11958,10.13141,2729
2020.08.11,00:00,10.13133,10.14889,10.12493,10.14076,4820
2020.08.11,04:00,10.14068,10.14483,10.11751,10.12389,5138
2020.08.11,08:00,10.12367,10.16385,10.11919,10.14545,10136
2020.08.11,12:00,10.14529,10.17708,10.13744,10.14167,11441
2020.08.11,16:00,10.14206,10.15158,10.11775,10.12364,8498
2020.08.11,20:00,10.12310,10.12310,10.10692,10.11950,3965
2020.08.12,00:00,10.12004,10.12026,10.09052,10.09670,7333
2020.08.12,04:00,10.09678,10.11677,10.08871,10.10480,6914
2020.08.12,08:00,10.10504,10.12741,10.10182,10.11139,9654
2020.08.12,12:00,10.11143,10.12148,10.07998,10.11972,12167
2020.08.12,16:00,10.11988,10.12011,10.09562,10.09571,7722
2020.08.12,20:00,10.09579,10.10503,10.09199,10.10361,3260
2020.08.13,00:00,10.10345,10.13292,10.10129,10.12395,5304
2020.08.13,04:00,10.12433,10.13889,10.11326,10.12680,4888
2020.08.13,08:00,10.12633,10.16070,10.11932,10.15268,9508
2020.08.13,12:00,10.15260,10.17034,10.14085,10.14952,10101
2020.08.13,16:00,10.14883,10.14899,10.11126,10.11516,6991
2020.08.13,20:00,10.11515,10.12964,10.11007,10.12877,3226
2020.08.14,00:00,10.12870,10.13258,10.11357,10.11794,5111
2020.08.14,04:00,10.11786,10.13380,10.11236,10.11883,4457
2020.08.14,08:00,10.11899,10.15692,10.11545,10.15576,8816
2020.08.14,12:00,10.15607,10.18513,10.14834,10.16002,9366
2020.08.14,16:00,10.15994,10.16116,10.14225,10.14586,6063
2020.08.14,20:00,10.14583,10.14971,10.13924,10.14064,1973
2020.08.16,21:05,10.14606,10.15295,10.14352,10.14995,724
2020.08.17,00:00,10.15026,10.16049,10.14747,10.15587,4920
2020.08.17,04:00,10.15556,10.16201,10.14032,10.15964,4323
2020.08.17,08:00,10.16050,10.16950,10.13606,10.14320,9533
2020.08.17,12:00,10.14370,10.16159,10.13229,10.15148,9880
2020.08.17,16:00,10.15156,10.16185,10.14284,10.15350,5483
2020.08.17,20:00,10.15280,10.16401,10.14501,10.15431,2288
2020.08.18,00:00,10.15423,10.18115,10.15351,10.17384,5616
2020.08.18,04:00,10.17438,10.20460,10.17156,10.19286,5217
2020.08.18,08:00,10.19279,10.21455,10.19107,10.19964,10466
2020.08.18,12:00,10.19957,10.26108,10.19361,10.24380,10820
2020.08.18,16:00,10.24388,10.26437,10.23771,10.26375,6409
2020.08.18,20:00,10.26383,10.26827,10.25299,10.26487,2738
2020.08.19,00:00,10.26480,10.27977,10.25726,10.26271,6123
2020.08.19,04:00,10.26279,10.28157,10.25593,10.26531,5618
2020.08.19,08:00,10.26515,10.27941,10.23912,10.24366,9915
2020.08.19,12:00,10.24367,10.25026,10.20777,10.21840,9522
2020.08.19,16:00,10.21848,10.23010,10.14826,10.16306,10472
2020.08.19,20:00,10.16299,10.16715,10.14545,10.16543,4957
2020.08.20,00:00,10.16550,10.16550,10.14238,10.14777,6338
2020.08.20,04:00,10.14816,10.15924,10.12594,10.13440,6482
2020.08.20,08:00,10.13432,10.18117,10.12449,10.17403,11502
2020.08.20,12:00,10.17411,10.19501,10.13695,10.18235,12241
2020.08.20,16:00,10.18196,10.24280,10.17750,10.23830,8406
2020.08.20,20:00,10.23822,10.24847,10.23505,10.24498,4240
2020.08.21,00:00,10.24498,10.25661,10.24179,10.25319,5892
2020.08.21,04:00,10.25343,10.27215,10.25343,10.26109,5522
2020.08.21,08:00,10.26070,10.26449,10.17229,10.19432,13550
2020.08.21,12:00,10.19486,10.19525,10.12571,10.13199,12510
2020.08.21,16:00,10.13169,10.15334,10.12057,10.14684,7010
2020.08.21,20:00,10.14669,10.14987,10.14176,10.14272,2023
2020.08.23,21:05,10.13710,10.15132,10.13710,10.15063,910
2020.08.24,00:00,10.15117,10.15329,10.13902,10.14187,4819
2020.08.24,04:00,10.14195,10.16096,10.13978,10.15780,4543
2020.08.24,08:00,10.15787,10.17636,10.13459,10.16518,9349
2020.08.24,12:00,10.16503,10.19025,10.12539,10.12996,9995
2020.08.24,16:00,10.12980,10.13953,10.11700,10.11930,6646
2020.08.24,20:00,10.11938,10.12837,10.11606,10.12837,2838
2020.08.25,00:00,10.12836,10.15892,10.12012,10.15321,5681
2020.08.25,04:00,10.15313,10.16431,10.13482,10.14210,4971
2020.08.25,08:00,10.14226,10.18191,10.13671,10.17211,10047
2020.08.25,12:00,10.17314,10.20661,10.16353,10.16601,11781
2020.08.25,16:00,10.16609,10.19083,10.16419,10.18896,7403
2020.08.25,20:00,10.18893,10.19226,10.18562,10.18876,2272
2020.08.26,00:00,10.18822,10.19720,10.17784,10.18001,4793
2020.08.26,04:00,10.17978,10.19300,10.17195,10.18589,4269
2020.08.26,08:00,10.18573,10.20240,10.17869,10.19323,8872
2020.08.26,12:00,10.19330,10.24041,10.16579,10.22428,10537
2020.08.26,16:00,10.22412,10.24429,10.21492,10.22347,6848
2020.08.26,20:00,10.22331,10.24474,10.22215,10.24404,2708
2020.08.27,00:00,10.24397,10.24776,10.22518,10.22716,5433
2020.08.27,04:00,10.22708,10.23973,10.22619,10.23609,4581
2020.08.27,08:00,10.23664,10.25192,10.21655,10.21686,8300
2020.08.27,12:00,10.21677,10.29468,10.19947,10.22067,15563
2020.08.27,16:00,10.22036,10.25501,10.21360,10.23232,11039
2020.08.27,20:00,10.23224,10.23681,10.22371,10.22694,3181
2020.08.28,00:00,10.22740,10.25428,10.21876,10.25428,5915
2020.08.28,04:00,10.25404,10.28592,10.25378,10.27561,8226
2020.08.28,08:00,10.27563,10.31058,10.27310,10.30988,11341
2020.08.28,12:00,10.30999,10.33915,10.27820,10.33024,12787
2020.08.28,16:00,10.32993,10.35124,10.32463,10.34069,7094
2020.08.28,20:00,10.34077,10.34932,10.33333,10.34681,2220
2020.08.30,21:05,10.34058,10.35055,10.33735,10.34213,1375
2020.08.31,00:00,10.34258,10.36097,10.33292,10.34856,6806
2020.08.31,04:00,10.34818,10.35197,10.32464,10.33465,5368
2020.08.31,08:00,10.33356,10.33843,10.30802,10.31837,8368
2020.08.31,12:00,10.31813,10.38117,10.31328,10.37599,9316
2020.08.31,16:00,10.37592,10.37909,10.35321,10.36609,6926
2020.08.31,20:00,10.36531,10.36593,10.35424,10.35723,3513
2020.09.01,00:00,10.35699,10.39505,10.35087,10.39250,6527
2020.09.01,04:00,10.39265,10.39890,10.38345,10.38778,6428
2020.09.01,08:00,10.38770,10.43525,10.38031,10.43237,10563
2020.09.01,12:00,10.43229,10.44818,10.39122,10.42061,12619
2020.09.01,16:00,10.42085,10.42831,10.36088,10.37204,8817
2020.09.01,20:00,10.37188,10.37944,10.36265,10.37838,2741
2020.09.02,00:00,10.37838,10.38628,10.35793,10.36980,5398
2020.09.02,04:00,10.36972,10.37204,10.35196,10.36172,4716
2020.09.02,08:00,10.36133,10.36367,10.32718,10.35680,10242
2020.09.02,12:00,10.35677,10.35849,10.29828,10.30890,12789
2020.09.02,16:00,10.30937,10.33024,10.29431,10.32392,8249
2020.09.02,20:00,10.32408,10.34890,10.32204,10.34874,3169
2020.09.03,00:00,10.34866,10.35122,10.32442,10.33125,5461
2020.09.03,04:00,10.33117,10.33211,10.28930,10.29595,6724
2020.09.03,08:00,10.29479,10.32173,10.26884,10.26986,10661
2020.09.03,12:00,10.26994,10.30503,10.26394,10.28754,12482
2020.09.03,16:00,10.28746,10.29563,10.26289,10.28494,11345
2020.09.03,20:00,10.28509,10.29574,10.28080,10.28524,3976
2020.09.04,00:00,10.28544,10.30403,10.27658,10.28846,6473
2020.09.04,04:00,10.28822,10.29564,10.27551,10.27761,4646
2020.09.04,08:00,10.27748,10.32186,10.27260,10.29274,10384
2020.09.04,12:00,10.29288,10.29589,10.21138,10.23486,15152
2020.09.04,16:00,10.23440,10.30210,10.22372,10.29946,10291
2020.09.04,20:00,10.29969,10.30024,10.28705,10.29113,2876
2020.09.06,21:05,10.27352,10.27556,10.26030,10.26984,1394
2020.09.07,00:00,10.27085,10.27453,10.25898,10.26156,5764
2020.09.07,04:00,10.26171,10.26523,10.22818,10.23004,5029
2020.09.07,08:00,10.23022,10.25963,10.18713,10.19119,9892
2020.09.07,12:00,10.19096,10.21776,10.18405,10.21219,7692
2020.09.07,16:00,10.21227,10.21563,10.19655,10.20527,5333
2020.09.07,20:00,10.20534,10.20692,10.19636,10.20408,2545
2020.09.08,00:00,10.20410,10.20461,10.18226,10.18880,5046
2020.09.08,04:00,10.18872,10.19803,10.17371,10.18754,5063
2020.09.08,08:00,10.18747,10.19113,10.09147,10.11965,12152
2020.09.08,12:00,10.11958,10.12680,10.08152,10.09423,14894
2020.09.08,16:00,10.09416,10.11610,10.06400,10.06746,9227
2020.09.08,20:00,10.06723,10.07169,10.03606,10.04565,4596
2020.09.09,00:00,10.04635,10.05426,10.03775,10.04009,6138
2020.09.09,04:00,10.04133,10.05402,10.01233,10.02162,5346
2020.09.09,08:00,10.02146,10.04741,10.01490,10.01937,9929
2020.09.09,12:00,10.01945,10.08716,9.98607,10.07020,14338
2020.09.09,16:00,10.07175,10.09367,10.06405,10.06747,7651
2020.09.09,20:00,10.06724,10.08385,10.06609,10.08072,3079
2020.09.10,00:00,10.08074,10.08169,10.05712,10.07018,5826
2020.09.10,04:00,10.07041,10.10211,10.06609,10.08415,4977
2020.09.10,08:00,10.08376,10.10068,10.06880,10.09205,10088
2020.09.10,12:00,10.09197,10.09314,9.96716,9.97164,15872
2020.09.10,16:00,9.97226,9.98976,9.90611,9.92023,12999
2020.09.10,20:00,9.92000,9.93499,9.89950,9.93236,5409
2020.09.11,00:00,9.93213,9.93554,9.91558,9.93187,5784
2020.09.11,04:00,9.93148,9.94362,9.92672,9.94263,5133
2020.09.11,08:00,9.94271,9.96897,9.89130,9.94202,11168
2020.09.11,12:00,9.94241,9.97092,9.90082,9.90518,11858
2020.09.11,16:00,9.90534,9.92895,9.89990,9.91237,8931
2020.09.11,20:00,9.91247,9.92364,9.91083,9.91500,2965
2020.09.13,21:05,9.89882,9.92917,9.89796,9.92436,755
2020.09.14,00:00,9.92460,9.94173,9.91286,9.93713,4891
2020.09.14,04:00,9.93744,9.94424,9.92827,9.94034,4413
2020.09.14,08:00,9.94050,9.98374,9.93600,9.97948,10320
2020.09.14,12:00,9.97971,10.01150,9.95973,9.98285,10292
2020.09.14,16:00,9.98324,9.99254,9.95914,9.96233,6701
2020.09.14,20:00,9.96241,9.97082,9.95205,9.95905,2928
2020.09.15,00:00,9.95913,9.95997,9.93094,9.95309,5782
2020.09.15,04:00,9.95317,9.98160,9.95317,9.96700,5634
2020.09.15,08:00,9.96631,10.00814,9.95383,10.00693,10455
2020.09.15,12:00,10.00677,10.01700,9.96048,9.96146,11318
2020.09.15,16:00,9.96123,10.00198,9.95131,9.99538,6564
2020.09.15,20:00,9.99515,9.99515,9.98517,9.98810,2702
2020.09.16,00:00,9.98825,10.00882,9.97757,9.99922,5776
2020.09.16,04:00,9.99914,10.00339,9.98585,9.98953,4521
2020.09.16,08:00,9.98891,10.05203,9.97917,10.04800,9589
2020.09.16,12:00,10.04802,10.08015,10.03869,10.07772,12654
2020.09.16,16:00,10.07811,10.08010,10.02651,10.03721,11353
2020.09.16,20:00,10.03705,10.05511,10.02818,10.05271,5743
2020.09.17,00:00,10.05302,10.05302,10.00561,10.01685,8220
2020.09.17,04:00,10.01654,10.04619,9.99802,10.04309,8200
2020.09.17,08:00,10.04356,10.06045,10.02295,10.04185,12598
2020.09.17,12:00,10.04278,10.07378,9.96986,10.03391,15663
2020.09.17,16:00,10.03422,10.04883,10.02535,10.04386,9533
2020.09.17,20:00,10.04393,10.06704,10.04254,10.05701,3939
2020.09.18,00:00,10.05693,10.06934,10.02895,10.03058,6876
2020.09.18,04:00,10.03050,10.05684,10.03050,10.05064,5582
2020.09.18,08:00,10.05157,10.07425,10.04790,10.06110,10530
2020.09.18,12:00,10.06118,10.06760,10.02229,10.04435,12305
2020.09.18,16:00,10.04458,10.04551,10.00972,10.01731,9053
2020.09.18,20:00,10.01693,10.02165,10.00792,10.00792,2664
2020.09.20,21:05,10.01673,10.02610,10.01065,10.02167,908
2020.09.21,00:00,10.02167,10.04185,10.01924,10.03861,6022
2020.09.21,04:00,10.03870,10.04852,10.02581,10.04262,6046
2020.09.21,08:00,10.04277,10.04681,9.94674,9.96591,13043
2020.09.21,12:00,9.96552,9.97483,9.91285,9.91354,13735
2020.09.21,16:00,9.91339,9.92439,9.90057,9.91555,9305
2020.09.21,20:00,9.91547,9.93493,9.91485,9.93112,3878
2020.09.22,00:00,9.93043,9.93725,9.91806,9.93168,6452
2020.09.22,04:00,9.93160,9.93830,9.90421,9.91079,6424
2020.09.22,08:00,9.91048,9.97169,9.85185,9.96473,12832
2020.09.22,12:00,9.96465,9.96491,9.85795,9.85818,13579
2020.09.22,16:00,9.85810,9.87557,9.85068,9.86790,9340
2020.09.22,20:00,9.86774,9.87372,9.86199,9.86793,3386
2020.09.23,00:00,9.86863,9.87873,9.85569,9.85891,7437
2020.09.23,04:00,9.85889,9.86414,9.82631,9.84195,6987
2020.09.23,08:00,9.84203,9.87716,9.82287,9.85834,11826
2020.09.23,12:00,9.85850,9.89417,9.85334,9.89111,12933
2020.09.23,16:00,9.89103,9.90182,9.85348,9.85356,9958
2020.09.23,20:00,9.85364,9.86401,9.84801,9.86038,4709
2020.09.24,00:00,9.86077,9.87235,9.84990,9.85606,7360
2020.09.24,04:00,9.85544,9.85911,9.83461,9.84280,6695
2020.09.24,08:00,9.84133,9.90500,9.83669,9.88390,11845
2020.09.24,12:00,9.88398,9.90305,9.85162,9.85298,15027
2020.09.24,16:00,9.85322,9.89924,9.84788,9.87382,10562
2020.09.24,20:00,9.87390,9.88187,9.86669,9.87928,4463
2020.09.25,00:00,9.87943,9.88899,9.87749,9.88398,6243
2020.09.25,04:00,9.88421,9.90219,9.87679,9.90134,5936
2020.09.25,08:00,9.90087,9.92382,9.84484,9.85056,11708
2020.09.25,12:00,9.85072,9.88195,9.83310,9.84562,12603
2020.09.25,16:00,9.84546,9.86945,9.83258,9.86512,8020
2020.09.25,20:00,9.86520,9.88083,9.86512,9.87336,2991
2020.09.27,22:05,9.89028,9.89675,9.88228,9.88758,883
2020.09.28,00:00,9.88766,9.89782,9.88169,9.89441,5566
2020.09.28,04:00,9.89434,9.90738,9.89107,9.90422,4458
2020.09.28,08:00,9.90399,10.00660,9.89075,9.99738,11591
2020.09.28,12:00,9.99715,10.02010,9.94804,9.95091,12304
2020.09.28,16:00,9.95169,9.97040,9.94491,9.94491,6807
2020.09.28,20:00,9.94522,9.95568,9.94157,9.95560,4342
2020.09.29,00:00,9.95568,9.98289,9.94755,9.95260,5386
2020.09.29,04:00,9.95245,9.97167,9.95105,9.96641,5137
2020.09.29,08:00,9.96502,9.98779,9.94649,9.96839,11439
2020.09.29,12:00,9.96753,9.99900,9.94568,9.95121,12395
2020.09.29,16:00,9.95167,9.96748,9.93716,9.95096,4028
