2020.01.31,20:00,18.86937,18.90200,18.84005,18.84005,697
2020.02.02,22:05,18.87710,18.88910,18.85930,18.86733,137
2020.02.03,00:00,18.86755,18.87310,18.83835,18.86796,681
2020.02.03,04:00,18.86738,18.87632,18.81869,18.83801,592
2020.02.03,08:00,18.83865,18.88725,18.79896,18.79923,1250
2020.02.03,12:00,18.79885,18.82762,18.71457,18.78238,1796
2020.02.03,16:00,18.78143,18.82537,18.77265,18.79902,1536
2020.02.03,20:00,18.79899,18.82642,18.79735,18.82640,405
2020.02.04,00:00,18.82908,18.83826,18.77292,18.77642,708
2020.02.04,04:00,18.77490,18.77964,18.73245,18.73409,532
2020.02.04,08:00,18.73427,18.73894,18.67126,18.70266,1218
2020.02.04,12:00,18.70363,18.72030,18.66955,18.67425,1880
2020.02.04,16:00,18.67415,18.69530,18.65318,18.68653,1305
2020.02.04,20:00,18.68701,18.69725,18.65780,18.66954,411
2020.02.05,00:00,18.66950,18.68383,18.65820,18.67870,640
2020.02.05,04:00,18.67963,18.69277,18.67732,18.68945,296
2020.02.05,08:00,18.69165,18.69206,18.62958,18.64824,1291
2020.02.05,12:00,18.64757,18.64944,18.57066,18.60755,2140
2020.02.05,16:00,18.60765,18.63422,18.59566,18.60206,1292
2020.02.05,20:00,18.60165,18.60943,18.58107,18.59875,508
2020.02.06,00:00,18.59776,18.60300,18.57810,18.58005,414
2020.02.06,04:00,18.57970,18.58986,18.55508,18.57560,442
2020.02.06,08:00,18.57602,18.62706,18.57166,18.59587,870
2020.02.06,12:00,18.59943,18.69264,18.59403,18.65856,1839
2020.02.06,16:00,18.65782,18.67001,18.62204,18.66104,1388
2020.02.06,20:00,18.65769,18.66989,18.64325,18.64930,452
2020.02.07,00:00,18.65020,18.66890,18.64095,18.64887,404
2020.02.07,04:00,18.64860,18.68404,18.62542,18.67333,426
2020.02.07,08:00,18.67330,18.73865,18.67108,18.71302,1072
2020.02.07,12:00,18.71509,18.82327,18.68429,18.76131,2283
2020.02.07,16:00,18.76419,18.79541,18.73822,18.79541,1507
2020.02.07,20:00,18.79339,18.79339,18.75455,18.75820,400
2020.02.09,22:05,18.77690,18.80389,18.77655,18.80188,137
2020.02.10,00:00,18.80305,18.80310,18.73588,18.75310,588
2020.02.10,04:00,18.75320,18.76090,18.73565,18.75420,435
2020.02.10,08:00,18.75470,18.78035,18.72606,18.74310,975
2020.02.10,12:00,18.74115,18.82378,18.72759,18.75861,2025
2020.02.10,16:00,18.75713,18.77571,18.70549,18.70645,1396
2020.02.10,20:00,18.70649,18.72073,18.69045,18.70085,481
2020.02.11,00:00,18.70157,18.70913,18.66050,18.66675,346
2020.02.11,04:00,18.66630,18.69288,18.65726,18.67900,369
2020.02.11,08:00,18.68079,18.69405,18.65751,18.66439,855
2020.02.11,12:00,18.66170,18.68985,18.63912,18.67355,1914
2020.02.11,16:00,18.67437,18.71167,18.65291,18.65855,1362
2020.02.11,20:00,18.65857,18.67079,18.64145,18.65281,488
2020.02.12,00:00,18.65589,18.66559,18.63709,18.64186,426
2020.02.12,04:00,18.64215,18.65380,18.62413,18.63815,462
2020.02.12,08:00,18.63904,18.65127,18.61293,18.62454,884
2020.02.12,12:00,18.62528,18.64847,18.60213,18.62921,1415
2020.02.12,16:00,18.62975,18.63985,18.60968,18.62141,1156
2020.02.12,20:00,18.62051,18.64774,18.61121,18.63949,523
2020.02.13,00:00,18.64040,18.64860,18.61909,18.64830,502
2020.02.13,04:00,18.64870,18.67342,18.64290,18.66241,478
2020.02.13,08:00,18.66461,18.68000,18.64223,18.65962,1091
2020.02.13,12:00,18.65790,18.65858,18.61191,18.64140,1645
2020.02.13,16:00,18.64118,18.65664,18.57818,18.57818,1414
2020.02.13,20:00,18.57784,18.61069,18.57744,18.60590,481
2020.02.14,00:00,18.60595,18.60850,18.57912,18.58480,485
2020.02.14,04:00,18.58389,18.58535,18.56665,18.56732,390
2020.02.14,08:00,18.56761,18.59930,18.56585,18.59387,722
2020.02.14,12:00,18.59390,18.61163,18.55331,18.55585,1295
2020.02.14,16:00,18.55523,18.57249,18.53395,18.56705,1096
2020.02.14,20:00,18.56698,18.56698,18.53235,18.53505,332
2020.02.16,22:05,18.53745,18.54306,18.53215,18.54255,84
2020.02.17,00:00,18.54360,18.55398,18.52769,18.52945,449
2020.02.17,04:00,18.52925,18.54480,18.51950,18.54480,362
2020.02.17,08:00,18.54556,18.58024,18.54245,18.57750,601
2020.02.17,12:00,18.57785,18.58195,18.55773,18.57733,675
2020.02.17,16:00,18.57697,18.57743,18.55121,18.55479,431
2020.02.17,20:00,18.55477,18.56325,18.54823,18.56135,185
2020.02.18,00:00,18.56242,18.59397,18.55916,18.59076,390
2020.02.18,04:00,18.59095,18.61540,18.58983,18.61140,345
2020.02.18,08:00,18.61163,18.63945,18.59706,18.63079,881
2020.02.18,12:00,18.62937,18.65731,18.59232,18.59796,1389
2020.02.18,16:00,18.59776,18.61146,18.56970,18.57745,965
2020.02.18,20:00,18.57831,18.59395,18.57620,18.58640,359
2020.02.19,00:00,18.58625,18.59604,18.57169,18.57832,427
2020.02.19,04:00,18.57847,18.58583,18.55563,18.55659,345
2020.02.19,08:00,18.55902,18.58935,18.55600,18.58145,715
2020.02.19,12:00,18.58146,18.61746,18.57018,18.60325,1426
2020.02.19,16:00,18.60337,18.60361,18.54970,18.55822,1005
2020.02.19,20:00,18.55685,18.57610,18.55035,18.56110,397
2020.02.20,00:00,18.56209,18.62443,18.55595,18.62045,652
2020.02.20,04:00,18.62210,18.62340,18.59691,18.61941,570
2020.02.20,08:00,18.61996,18.69197,18.61605,18.68503,1051
2020.02.20,12:00,18.68493,18.80225,18.67428,18.78641,1863
2020.02.20,16:00,18.78675,18.85132,18.78464,18.82136,1901
2020.02.20,20:00,18.81970,18.85920,18.81681,18.85766,444
2020.02.21,00:00,18.85740,18.87938,18.83066,18.86030,585
2020.02.21,04:00,18.85959,18.97860,18.85959,18.97816,589
2020.02.21,08:00,18.98114,19.08218,18.92538,19.04430,1233
2020.02.21,12:00,19.03972,19.07800,18.90585,18.92990,2066
2020.02.21,16:00,18.92935,18.93415,18.79545,18.88943,1571
2020.02.21,20:00,18.88674,18.90585,18.86830,18.90230,344
2020.02.24,08:00,19.09242,19.17355,19.08437,19.13895,1313
2020.02.24,12:00,19.13595,19.25755,19.09271,19.12555,1960
2020.02.24,16:00,19.12561,19.14820,19.02904,19.03887,1530
2020.02.24,20:00,19.03860,19.08065,19.03689,19.04905,673
2020.02.25,00:00,19.05031,19.05245,18.98138,19.00625,739
2020.02.25,04:00,19.00495,19.03424,18.93915,18.98749,640
2020.02.25,08:00,18.99026,19.11830,18.99026,19.07384,1543
2020.02.25,12:00,19.07312,19.11740,18.97502,19.10858,2213
2020.02.25,16:00,19.10838,19.19929,19.04505,19.12763,2636
2020.02.25,20:00,19.12673,19.15455,19.06185,19.06730,974
2020.02.26,00:00,19.06655,19.13325,19.06166,19.08705,968
2020.02.26,04:00,19.08655,19.15495,19.08085,19.11510,730
2020.02.26,08:00,19.11819,19.21133,19.11319,19.13995,1923
2020.02.26,12:00,19.14050,19.19552,19.08346,19.13271,2573
2020.02.26,16:00,19.13096,19.22866,19.12395,19.21606,3200
2020.02.26,20:00,19.21329,19.30155,19.18912,19.28535,1287
2020.02.27,00:00,19.28073,19.39184,19.26015,19.38560,997
2020.02.27,04:00,19.38545,19.44492,19.33555,19.35179,872
2020.02.27,08:00,19.35140,19.42293,19.34805,19.40273,1448
2020.02.27,12:00,19.40345,19.50306,19.34348,19.41912,2957
2020.02.27,16:00,19.42147,19.42592,19.33225,19.37740,4023
2020.02.27,20:00,19.37696,19.50955,19.35499,19.46095,1289
2020.02.28,00:00,19.46176,19.51255,19.45085,19.49465,1055
2020.02.28,04:00,19.49784,19.58210,19.47265,19.53345,1189
2020.02.28,08:00,19.53879,19.89007,19.51575,19.74048,3058
2020.02.28,12:00,19.73750,19.84153,19.67909,19.77914,3960
2020.02.28,16:00,19.77984,19.87880,19.68029,19.73235,4641
2020.02.28,20:00,19.73152,19.75401,19.58586,19.59445,1326
2020.03.01,22:05,19.84845,19.87936,19.81150,19.82155,207
2020.03.02,00:00,19.82315,19.86201,19.57418,19.63895,880
2020.03.02,04:00,19.63975,19.68500,19.49485,19.51930,908
2020.03.02,08:00,19.51768,19.81439,19.47809,19.73257,2486
2020.03.02,12:00,19.73106,19.83446,19.70705,19.74681,3075
2020.03.02,16:00,19.74568,19.74834,19.44141,19.51656,3306
2020.03.02,20:00,19.51860,19.52070,19.38495,19.40455,805
2020.03.03,00:00,19.40415,19.42115,19.34955,19.36605,554
2020.03.03,04:00,19.36755,19.49830,19.36755,19.45367,758
2020.03.03,08:00,19.45387,19.50568,19.40175,19.44757,1298
2020.03.03,12:00,19.44626,19.55405,19.14960,19.21624,3362
2020.03.03,16:00,19.21444,19.44569,19.20794,19.39440,4082
2020.03.03,20:00,19.39100,19.46255,19.36420,19.43355,1308
2020.03.04,00:00,19.43395,19.43395,19.35875,19.37785,553
2020.03.04,04:00,19.37525,19.39875,19.34735,19.38152,504
2020.03.04,08:00,19.38155,19.41291,19.25345,19.27295,1294
2020.03.04,12:00,19.26966,19.50900,19.18229,19.49120,2820
2020.03.04,16:00,19.48823,19.62010,19.46786,19.55050,2704
2020.03.04,20:00,19.55150,19.55150,19.49595,19.52800,560
2020.03.05,00:00,19.52815,19.56305,19.52545,19.55625,418
2020.03.05,04:00,19.55445,19.56220,19.49592,19.52999,403
2020.03.05,08:00,19.53139,19.68665,19.51700,19.68600,1318
2020.03.05,12:00,19.68200,19.79655,19.65556,19.77297,2235
2020.03.05,16:00,19.77500,19.97863,19.75458,19.88509,3309
2020.03.05,20:00,19.88464,19.90208,19.81533,19.82431,1132
2020.03.06,00:00,19.81754,20.08670,19.80813,20.04176,639
2020.03.06,04:00,20.04125,20.04469,19.94751,19.99060,644
2020.03.06,08:00,19.99010,20.22619,19.91480,20.17417,1947
2020.03.06,12:00,20.17495,20.37617,20.07450,20.08831,3151
2020.03.06,16:00,20.08700,20.23780,20.07771,20.16835,3404
2020.03.06,20:00,20.16468,20.16920,20.06994,20.10345,842
2020.03.08,22:05,20.56125,21.35874,20.55995,21.06762,654
2020.03.09,00:00,21.06580,21.76899,20.91972,21.25174,971
2020.03.09,04:00,21.25177,21.76575,21.04790,21.67385,940
2020.03.09,08:00,21.66975,22.02919,21.18688,21.78343,1669
2020.03.09,12:00,21.78915,21.80431,20.78828,20.92470,2277
2020.03.09,16:00,20.92608,21.29229,20.88608,21.04115,2831
2020.03.09,20:00,21.03980,21.10085,20.53208,20.81203,701
2020.03.10,00:00,20.81861,20.89217,20.51641,20.63325,611
2020.03.10,04:00,20.63237,20.82873,20.28393,20.79271,1020
2020.03.10,08:00,20.79858,20.81033,20.38615,20.50999,1321
2020.03.10,12:00,20.50549,21.08200,20.50549,21.06188,3363
2020.03.10,16:00,21.05365,21.05365,20.68689,20.83875,3641
2020.03.10,20:00,20.84055,20.85073,20.71634,20.78715,439
2020.03.11,00:00,20.79195,20.96847,20.77895,20.89491,684
2020.03.11,04:00,20.89760,20.99011,20.82825,20.88845,689
2020.03.11,08:00,20.88780,21.02016,20.81945,20.95314,1210
2020.03.11,12:00,20.94845,21.26845,20.91510,21.20175,2543
2020.03.11,16:00,21.20250,21.49047,21.08349,21.33040,3522
2020.03.11,20:00,21.33530,21.43839,21.32219,21.42365,484
2020.03.12,00:00,21.42439,21.86407,21.35931,21.78753,696
2020.03.12,04:00,21.78825,21.81897,21.56007,21.78118,558
2020.03.12,08:00,21.78307,22.18100,21.75849,22.14757,1574
2020.03.12,12:00,22.14961,22.96431,21.95487,22.32814,3010
2020.03.12,16:00,22.33380,22.34541,21.46515,21.64968,3095
2020.03.12,20:00,21.64992,21.97621,21.64981,21.97040,384
2020.03.13,00:00,21.96710,22.11935,21.96710,22.03450,380
2020.03.13,04:00,22.03259,22.05695,21.66887,21.76460,604
2020.03.13,08:00,21.72991,21.86688,21.39543,21.40729,893
2020.03.13,12:00,21.41190,21.98535,21.34807,21.89547,2830
2020.03.13,16:00,21.88541,22.07714,21.83808,21.86615,2974
2020.03.13,20:00,21.86405,21.89966,21.83681,21.87585,188
2020.03.15,21:05,21.41695,22.06124,21.38869,21.80706,150
2020.03.16,00:00,21.80861,22.08372,21.80695,22.03000,275
2020.03.16,04:00,22.03039,22.32861,21.95332,22.23655,584
2020.03.16,08:00,22.22224,22.53860,22.19093,22.48099,1597
2020.03.16,12:00,22.48581,23.06689,22.38241,22.62360,3620
2020.03.16,16:00,22.62070,22.99431,22.55752,22.95400,4886
2020.03.16,20:00,22.95683,22.99676,22.57485,22.61663,537
2020.03.17,00:00,22.61551,22.76244,22.46217,22.53806,404
2020.03.17,04:00,22.53764,22.65715,22.49188,22.61786,418
2020.03.17,08:00,22.62562,23.14787,22.58912,23.13979,1508
2020.03.17,12:00,23.13591,23.17467,22.62227,23.14847,3500
2020.03.17,16:00,23.14977,23.22877,22.94610,23.08097,4842
2020.03.17,20:00,23.07907,23.10295,22.92989,22.96553,496
2020.03.18,00:00,22.96945,22.97676,22.80553,22.83211,420
2020.03.18,04:00,22.83535,23.54845,22.83535,23.54845,447
2020.03.18,08:00,23.54776,24.10315,23.48449,23.99296,1085
2020.03.18,12:00,23.99007,24.08770,23.62340,23.70186,2617
2020.03.18,16:00,23.70695,24.05057,23.54807,23.87695,3379
2020.03.18,20:00,23.87801,23.93126,23.59558,23.67836,315
2020.03.19,00:00,23.66768,24.39001,23.65367,24.36851,713
2020.03.19,04:00,24.37073,24.63086,24.23583,24.55707,715
2020.03.19,08:00,24.55547,24.57794,24.27807,24.33003,1377
2020.03.19,12:00,24.36076,24.45436,23.94691,24.10863,2647
2020.03.19,16:00,24.11247,24.47487,23.87237,24.09765,2378
2020.03.19,20:00,24.09391,24.10595,23.97885,24.05340,236
2020.03.20,00:00,24.05149,24.09754,23.55641,23.73134,398
2020.03.20,04:00,23.73160,23.98148,23.57968,23.60569,684
2020.03.20,08:00,23.59680,23.96103,23.49014,23.87129,621
2020.03.20,12:00,23.87033,24.15554,23.76219,24.02320,2570
2020.03.20,16:00,24.02425,24.54927,23.96197,24.52952,2508
2020.03.20,20:00,24.51771,24.55585,24.37823,24.40192,207
2020.03.22,21:05,24.65398,24.69391,24.63516,24.67377,20
2020.03.23,00:00,24.70886,24.81737,24.70650,24.73399,564
2020.03.23,04:00,24.73353,24.95843,24.62218,24.90745,1475
2020.03.23,08:00,24.91158,24.95275,24.67417,24.69939,1523
2020.03.23,12:00,24.70308,25.16929,24.41787,25.12715,3648
2020.03.23,16:00,25.12725,25.23605,24.98295,25.11790,4274
2020.03.23,20:00,25.11860,25.44240,25.09903,25.31631,467
2020.03.24,00:00,25.31815,25.36085,25.03325,25.10821,594
2020.03.24,04:00,25.11515,25.14321,24.85474,24.93422,982
2020.03.24,08:00,24.92903,24.95348,24.61341,24.82045,1129
2020.03.24,12:00,24.82345,25.21557,24.75666,25.12868,2707
2020.03.24,16:00,25.12780,25.20085,24.89495,24.91765,4558
2020.03.24,20:00,24.91468,24.91634,24.74751,24.77135,615
2020.03.25,00:00,24.77361,24.90039,24.75637,24.80172,439
2020.03.25,04:00,24.80210,24.85442,24.51893,24.54699,981
2020.03.25,08:00,24.57748,24.64867,24.22555,24.55311,1826
2020.03.25,12:00,24.54522,24.62338,24.27935,24.39975,3441
2020.03.25,16:00,24.40045,24.44307,23.84420,23.96284,3667
2020.03.25,20:00,23.96306,24.03845,23.88642,24.01401,328
2020.03.26,00:00,24.01987,24.07998,23.94239,23.98409,793
2020.03.26,04:00,23.98005,24.24095,23.95406,24.11920,893
2020.03.26,08:00,24.11346,24.16695,23.94267,24.00375,1289
2020.03.26,12:00,24.00055,24.12585,23.06058,23.12654,3156
2020.03.26,16:00,23.12044,23.28214,22.95638,23.03149,3190
2020.03.26,20:00,23.03121,23.42936,22.84969,23.23538,424
2020.03.27,00:00,23.23674,23.33310,23.17695,23.18817,341
2020.03.27,04:00,23.18746,23.38186,23.13192,23.37592,519
2020.03.27,08:00,23.37759,23.47192,23.19081,23.45883,1273
2020.03.27,12:00,23.45491,23.60566,23.29181,23.40950,3162
2020.03.27,16:00,23.40860,23.60285,23.19435,23.51295,2136
2020.03.27,20:00,23.51407,23.51799,23.34621,23.39098,153
2020.03.29,21:05,23.63321,23.70505,23.55269,23.59720,241
2020.03.30,00:00,23.59598,23.70412,23.58815,23.67258,192
2020.03.30,04:00,23.67384,23.76030,23.49185,23.75927,544
2020.03.30,08:00,23.75402,23.87106,23.54076,23.81936,748
2020.03.30,12:00,23.81000,24.55375,23.76673,24.27289,2561
2020.03.30,16:00,24.27730,24.31621,24.01085,24.01085,2333
2020.03.30,20:00,23.99375,24.01090,23.74760,23.83532,644
2020.03.31,00:00,23.83134,23.93042,23.76479,23.86697,464
2020.03.31,04:00,23.86432,24.13906,23.86313,23.86689,682
2020.03.31,08:00,23.86988,23.96865,23.65057,23.96865,969
2020.03.31,12:00,23.96742,24.02657,23.33806,23.44837,3372
2020.03.31,16:00,23.44810,23.83631,23.35348,23.70700,1959
2020.03.31,20:00,23.70022,23.78598,23.64584,23.75833,383
2020.04.01,00:00,23.75607,23.85355,23.70626,23.84734,205
2020.04.01,04:00,23.83883,24.09305,23.76552,24.03850,793
2020.04.01,08:00,24.04630,24.18562,23.97854,24.14420,742
2020.04.01,12:00,24.13943,24.48545,24.06352,24.46102,2462
2020.04.01,16:00,24.46460,24.61278,24.30790,24.33836,1749
2020.04.01,20:00,24.32750,24.37595,24.16583,24.22045,280
2020.04.02,00:00,24.19686,24.24292,24.18636,24.20123,145
2020.04.02,04:00,24.20255,24.20391,23.91464,24.13082,604
2020.04.02,08:00,24.13342,24.40235,23.98274,24.28559,1483
2020.04.02,12:00,24.28110,24.50230,23.77245,24.04473,3454
2020.04.02,16:00,24.04467,24.45503,24.00458,24.38463,2792
2020.04.02,20:00,24.37919,24.39094,24.19970,24.23982,274
2020.04.03,00:00,24.23169,24.50867,24.22900,24.44040,282
2020.04.03,04:00,24.45106,24.71747,24.39337,24.46736,1659
2020.04.03,08:00,24.46721,24.83421,24.42872,24.51391,1419
2020.04.03,12:00,24.50793,24.75021,24.49840,24.70385,3205
2020.04.03,16:00,24.69909,24.90212,24.56485,24.85560,2548
2020.04.03,20:00,24.85114,25.03951,24.85092,24.98590,187
2020.04.05,21:05,25.25360,25.29621,25.09652,25.26319,248
2020.04.06,00:00,25.26714,25.68440,25.06391,25.54415,494
2020.04.06,04:00,25.54914,25.76332,25.08568,25.13270,1178
2020.04.06,08:00,25.13167,25.25157,24.86202,25.02898,983
2020.04.06,12:00,25.03462,25.19618,24.59329,24.61735,2774
2020.04.06,16:00,24.62570,24.91066,24.58066,24.66868,2121
2020.04.06,20:00,24.66850,24.69726,24.54082,24.55310,379
2020.04.07,00:00,24.54576,24.67256,24.53707,24.67256,245
2020.04.07,04:00,24.67078,24.67219,24.31397,24.35845,844
2020.04.07,08:00,24.36105,24.47545,24.14974,24.31121,1372
2020.04.07,12:00,24.31207,24.31207,23.81801,24.04205,2805
2020.04.07,16:00,24.04284,24.28134,23.93435,24.28134,2067
2020.04.07,20:00,24.28063,24.37656,24.25608,24.31948,303
2020.04.08,00:00,24.30838,24.42578,24.30266,24.37214,270
2020.04.08,04:00,24.36942,24.68845,24.36942,24.68317,723
2020.04.08,08:00,24.67705,24.77876,24.17872,24.27277,1169
2020.04.08,12:00,24.27054,24.43485,23.97650,24.04280,2220
2020.04.08,16:00,24.04464,24.11620,23.92790,24.05456,1513
2020.04.08,20:00,24.05115,24.12605,23.95600,23.98489,449
2020.04.09,00:00,23.98539,24.06343,23.95968,24.00083,814
2020.04.09,04:00,24.00159,24.08626,23.79501,23.84111,1198
2020.04.09,08:00,23.83974,23.99737,23.79555,23.90480,1211
2020.04.09,12:00,23.90329,23.99274,23.33122,23.62290,2807
2020.04.09,16:00,23.62425,23.78478,23.40639,23.60382,2080
2020.04.09,20:00,23.59673,23.60807,23.50120,23.56471,160
2020.04.12,21:05,23.31550,23.48656,23.29345,23.45111,278
2020.04.13,00:00,23.44724,23.48414,23.41309,23.45629,183
2020.04.13,04:00,23.45771,23.47076,23.30948,23.31022,317
2020.04.13,08:00,23.31327,23.47668,23.31327,23.33589,402
2020.04.13,12:00,23.34776,23.86155,23.34195,23.72575,2165
2020.04.13,16:00,23.72145,23.77295,23.58025,23.60549,1434
2020.04.13,20:00,23.60622,23.70641,23.56036,23.59125,304
2020.04.14,00:00,23.59108,23.64142,23.45533,23.45722,288
2020.04.14,04:00,23.46007,23.69173,23.38682,23.58055,626
2020.04.14,08:00,23.57958,23.74479,23.54095,23.54260,955
2020.04.14,12:00,23.53930,23.62371,23.38606,23.60884,2484
2020.04.14,16:00,23.59965,23.61693,23.39548,23.43788,1659
2020.04.14,20:00,23.44035,23.46119,23.36357,23.37024,268
2020.04.15,00:00,23.37205,23.46845,23.37205,23.43814,251
2020.04.15,04:00,23.43813,23.81017,23.42023,23.80988,543
2020.04.15,08:00,23.80972,23.98333,23.78935,23.86121,944
2020.04.15,12:00,23.85925,24.18645,23.76583,24.03655,2768
2020.04.15,16:00,24.03415,24.15654,23.92807,24.00059,2695
2020.04.15,20:00,23.99880,24.29086,23.95575,24.26695,812
2020.04.16,00:00,24.26594,24.41539,24.21785,24.38075,494
2020.04.16,04:00,24.40398,24.42244,24.05410,24.14919,563
2020.04.16,08:00,24.14919,24.27620,24.05015,24.06756,948
2020.04.16,12:00,24.06872,24.28030,23.99304,24.18444,2484
2020.04.16,16:00,24.18407,24.28590,24.12072,24.18722,2003
2020.04.16,20:00,24.18271,24.21715,23.72290,23.74629,810
2020.04.17,00:00,23.74526,23.83524,23.73500,23.77479,494
2020.04.17,04:00,23.77411,23.90918,23.69460,23.89513,454
2020.04.17,08:00,23.89372,24.12586,23.83580,23.97481,1312
2020.04.17,12:00,23.96448,24.03850,23.88421,23.95403,2692
2020.04.17,16:00,23.95950,23.96145,23.77522,23.77745,2359
2020.04.17,20:00,23.77131,23.83153,23.61358,23.72665,874
2020.04.19,21:05,23.70065,23.70065,23.70065,23.70065,1
2020.04.20,00:00,23.97383,24.09281,23.95986,24.07790,442
2020.04.20,04:00,24.09483,24.19885,24.05930,24.10183,421
2020.04.20,08:00,24.10036,24.17046,23.99335,24.14862,1051
2020.04.20,12:00,24.14719,24.15705,23.90577,23.98215,2540
2020.04.20,16:00,23.98236,24.19275,23.96131,24.19015,2546
2020.04.20,20:00,24.19115,24.21455,23.96708,23.98573,917
2020.04.21,00:00,23.98391,24.15845,23.97522,24.03624,478
2020.04.21,04:00,24.03625,24.09795,23.97979,24.07185,338
2020.04.21,08:00,24.07235,24.30309,24.06284,24.23079,1505
2020.04.21,12:00,24.22984,24.48865,24.22493,24.35107,2697
2020.04.21,16:00,24.35456,24.49607,24.29861,24.49381,2526
2020.04.21,20:00,24.49342,24.52440,24.28214,24.38582,756
2020.04.22,00:00,24.38123,24.42156,24.33583,24.36904,392
2020.04.22,04:00,24.36553,24.50112,24.22998,24.26019,563
2020.04.22,08:00,24.26188,24.33673,24.21785,24.21915,1354
2020.04.22,12:00,24.22065,24.61744,24.21873,24.55865,2599
2020.04.22,16:00,24.55545,24.68290,24.50498,24.57471,1684
2020.04.22,20:00,24.57414,24.60984,24.39078,24.46952,581
2020.04.23,00:00,24.47437,24.53745,24.44087,24.52521,344
2020.04.23,04:00,24.52809,24.53413,24.31401,24.45601,534
2020.04.23,08:00,24.45319,24.62326,24.43403,24.47205,1928
2020.04.23,12:00,24.47185,24.64535,24.33478,24.56938,2894
2020.04.23,16:00,24.56100,24.80020,24.55135,24.66036,2823
2020.04.23,20:00,24.66033,24.82925,24.65890,24.78705,658
2020.04.24,00:00,24.78685,24.78685,24.72343,24.73303,320
2020.04.24,04:00,24.73904,24.84060,24.73859,24.76381,347
2020.04.24,08:00,24.76447,24.81425,24.60933,24.61084,1093
2020.04.24,12:00,24.61041,24.87898,24.59639,24.85576,2601
2020.04.24,16:00,24.86411,25.28139,24.80744,25.02350,1961
2020.04.24,20:00,25.02157,25.04550,24.95845,24.96960,377
2020.04.26,21:05,24.95469,24.99171,24.90830,24.99153,116
2020.04.27,00:00,24.99037,25.01216,24.87600,24.89100,268
2020.04.27,04:00,24.88953,24.92529,24.75039,24.78590,454
2020.04.27,08:00,24.78147,25.01543,24.78147,24.87895,827
2020.04.27,12:00,24.87914,24.96170,24.72535,24.83453,2188
2020.04.27,16:00,24.83269,24.90106,24.72375,24.75125,1735
2020.04.27,20:00,24.75788,24.80525,24.67695,24.73227,700
2020.04.28,00:00,24.72863,24.88466,24.70802,24.81620,386
2020.04.28,04:00,24.81577,24.82149,24.75631,24.80120,291
2020.04.28,08:00,24.80618,24.82375,24.33222,24.34461,1426
2020.04.28,12:00,24.34194,24.50934,24.31871,24.46403,2124
2020.04.28,16:00,24.45676,24.47317,24.20644,24.25980,2312
2020.04.28,20:00,24.25895,24.33455,24.25895,24.31497,546
2020.04.29,00:00,24.31418,24.32052,24.20185,24.20939,328
2020.04.29,04:00,24.20912,24.23795,24.12735,24.16274,556
2020.04.29,08:00,24.16765,24.23194,24.09985,24.14629,1089
2020.04.29,12:00,24.14920,24.22921,23.97889,24.00090,2248
2020.04.29,16:00,23.99980,24.00205,23.79790,23.80742,1990
2020.04.29,20:00,23.80087,23.84394,23.72457,23.73845,642
2020.04.30,00:00,23.73850,23.90122,23.73790,23.87106,301
2020.04.30,04:00,23.87054,23.87054,23.70888,23.78286,395
2020.04.30,08:00,23.78745,23.80708,23.66615,23.71093,966
2020.04.30,12:00,23.71125,23.95371,23.64034,23.81846,2740
2020.04.30,16:00,23.81595,24.07692,23.78104,24.01870,2762
2020.04.30,20:00,24.01813,24.23808,24.01813,24.19475,1063
2020.05.01,00:00,24.20079,24.42965,24.19977,24.42050,470
2020.05.01,04:00,24.42063,24.45893,24.36028,24.38529,517
2020.05.01,08:00,24.38520,24.60061,24.32398,24.51340,1279
2020.05.01,12:00,24.50904,24.73415,24.35011,24.68169,2406
2020.05.01,16:00,24.68423,24.86773,24.55805,24.67665,2119
2020.05.01,20:00,24.67596,24.67638,24.53689,24.59035,433
2020.05.03,21:05,24.85049,24.88188,24.83276,24.86149,111
2020.05.04,00:00,24.85318,24.86454,24.69094,24.70241,478
2020.05.04,04:00,24.69887,24.80630,24.63164,24.64391,629
2020.05.04,08:00,24.64239,24.83340,24.63355,24.73945,1629
2020.05.04,12:00,24.74065,24.76290,24.28795,24.38824,2968
2020.05.04,16:00,24.38558,24.41785,24.13753,24.23125,2047
2020.05.04,20:00,24.23015,24.23185,24.06019,24.09229,632
2020.05.05,00:00,24.09466,24.11005,24.07505,24.08135,284
2020.05.05,04:00,24.08000,24.08485,23.97599,23.98925,438
2020.05.05,08:00,23.99759,24.16009,23.85797,23.93229,1847
2020.05.05,12:00,23.93436,24.00375,23.80556,23.82447,2385
2020.05.05,16:00,23.82462,23.98265,23.77863,23.87719,1997
2020.05.05,20:00,23.88076,24.05204,23.88076,23.94775,699
2020.05.06,00:00,23.94765,24.15329,23.94718,24.05295,534
2020.05.06,04:00,24.05275,24.05687,23.89988,23.90025,359
2020.05.06,08:00,23.90361,24.14841,23.86521,24.03696,1021
2020.05.06,12:00,24.03660,24.34385,24.01060,24.31387,2485
2020.05.06,16:00,24.31335,24.38745,24.18545,24.25531,2763
2020.05.06,20:00,24.25508,24.49228,24.23425,24.48967,1288
2020.05.07,00:00,24.48990,24.52899,24.31895,24.33202,409
2020.05.07,04:00,24.33484,24.36255,24.20790,24.29366,527
2020.05.07,08:00,24.29567,24.29641,24.10720,24.19287,1122
2020.05.07,12:00,24.19556,24.21202,24.04145,24.12899,2997
2020.05.07,16:00,24.12547,24.15503,23.92185,24.05202,2874
2020.05.07,20:00,24.05495,24.12405,23.99127,23.99127,1019
2020.05.08,00:00,23.99000,24.04544,23.84790,23.87584,497
2020.05.08,04:00,23.87429,23.97616,23.86857,23.97381,363
2020.05.08,08:00,23.97220,23.98491,23.89867,23.91435,809
2020.05.08,12:00,23.91420,23.97890,23.64320,23.67817,2314
2020.05.08,16:00,23.67800,23.77218,23.54815,23.72979,2122
2020.05.08,20:00,23.72935,23.76995,23.65125,23.65589,491
2020.05.10,21:05,23.68545,23.74188,23.68545,23.70044,124
2020.05.11,00:00,23.70037,23.71445,23.58897,23.59025,327
2020.05.11,04:00,23.58975,23.63495,23.54705,23.55032,541
2020.05.11,08:00,23.55167,23.93543,23.55167,23.83108,1413
2020.05.11,12:00,23.83108,23.96825,23.80620,23.81966,3099
2020.05.11,16:00,23.81796,23.94918,23.78381,23.90626,2707
2020.05.11,20:00,23.90675,23.93845,23.87915,23.88731,878
2020.05.12,00:00,23.88510,24.07417,23.88510,24.02002,605
2020.05.12,04:00,24.01513,24.16185,23.92982,24.12298,672
2020.05.12,08:00,24.12208,24.15130,23.86737,23.88879,1380
2020.05.12,12:00,23.89037,24.08126,23.75025,24.02826,2764
2020.05.12,16:00,24.03062,24.23924,23.98794,24.18533,2962
2020.05.12,20:00,24.18471,24.40692,24.14509,24.30280,1141
2020.05.13,00:00,24.30191,24.38278,24.24695,24.25211,690
2020.05.13,04:00,24.25860,24.26271,24.18522,24.21916,659
2020.05.13,08:00,24.22140,24.32665,24.06825,24.07338,1728
2020.05.13,12:00,24.07178,24.29445,24.00345,24.26414,3032
2020.05.13,16:00,24.26355,24.38005,24.19445,24.35116,3862
2020.05.13,20:00,24.35453,24.35453,24.15530,24.20006,1176
2020.05.14,00:00,24.19880,24.27731,24.17104,24.19585,512
2020.05.14,04:00,24.19277,24.26249,24.19277,24.25577,493
2020.05.14,08:00,24.25514,24.29699,24.13141,24.27131,1441
2020.05.14,12:00,24.27250,24.37100,24.08319,24.14240,3130
2020.05.14,16:00,24.14256,24.28784,24.03345,24.04331,2934
2020.05.14,20:00,24.04304,24.05060,23.75865,23.85409,1481
2020.05.15,00:00,23.85604,23.95486,23.84418,23.89783,548
2020.05.15,04:00,23.89913,23.93489,23.82044,23.91335,520
2020.05.15,08:00,23.91261,23.92885,23.75735,23.89284,1304
2020.05.15,12:00,23.88381,24.01463,23.76785,23.90908,3269
2020.05.15,16:00,23.90825,24.11455,23.90825,23.99402,3349
2020.05.15,20:00,23.99892,24.01662,23.93345,23.93345,739
2020.05.17,21:05,23.97305,23.97305,23.94795,23.94963,12
2020.05.18,00:00,23.95347,23.96101,23.80243,23.81833,761
2020.05.18,04:00,23.81095,23.88537,23.80275,23.82971,500
2020.05.18,08:00,23.82700,23.89278,23.74932,23.76921,1068
2020.05.18,12:00,23.76581,23.79415,23.45411,23.57017,2461
2020.05.18,16:00,23.56697,23.72853,23.52374,23.72286,2242
2020.05.18,20:00,23.71729,23.79702,23.66595,23.74655,1074
2020.05.19,00:00,23.74422,23.74761,23.61275,23.67040,640
2020.05.19,04:00,23.67002,23.73480,23.54085,23.54485,759
2020.05.19,08:00,23.55320,23.63959,23.48769,23.53945,1899
2020.05.19,12:00,23.54309,23.65820,23.44835,23.56923,2602
2020.05.19,16:00,23.57046,23.64256,23.49054,23.53646,2219
2020.05.19,20:00,23.54045,23.74739,23.52905,23.69007,1082
2020.05.20,00:00,23.69823,23.70133,23.57352,23.62211,561
2020.05.20,04:00,23.62783,23.64152,23.57819,23.62015,652
2020.05.20,08:00,23.61666,23.64287,23.39975,23.41155,1719
2020.05.20,12:00,23.40997,23.44192,23.25941,23.28211,2983
2020.05.20,16:00,23.28380,23.31968,23.06542,23.07822,2727
2020.05.20,20:00,23.07942,23.21677,23.04892,23.20206,941
2020.05.21,00:00,23.20201,23.27478,23.19964,23.24601,819
2020.05.21,04:00,23.24326,23.26738,23.21887,23.22549,954
2020.05.21,08:00,23.22450,23.24187,23.10740,23.18823,1221
2020.05.21,12:00,23.18731,23.24614,22.75025,22.90878,2768
2020.05.21,16:00,22.91106,23.02375,22.83395,22.93565,2664
2020.05.21,20:00,22.93485,22.93485,22.85120,22.87712,1080
2020.05.22,00:00,22.87283,22.91232,22.84857,22.90267,944
2020.05.22,04:00,22.90103,23.04238,22.89670,23.03766,981
2020.05.22,08:00,23.03606,23.15505,22.93853,22.98020,1313
2020.05.22,12:00,22.98081,23.04975,22.77125,22.81262,2649
2020.05.22,16:00,22.81606,22.85253,22.70347,22.78625,2244
2020.05.22,20:00,22.78633,22.80354,22.72005,22.72205,584
2020.05.24,21:05,22.71640,22.72867,22.69990,22.70222,90
2020.05.25,00:00,22.69911,22.69951,22.64929,22.66451,445
2020.05.25,04:00,22.66488,22.71220,22.65280,22.70728,297
2020.05.25,08:00,22.70843,22.76387,22.60780,22.62553,578
2020.05.25,12:00,22.62688,22.66900,22.53655,22.54943,1194
2020.05.25,16:00,22.54945,22.63745,22.51374,22.60380,1339
2020.05.25,20:00,22.60325,22.61195,22.53976,22.55051,643
2020.05.26,00:00,22.55123,22.55983,22.45863,22.47528,551
2020.05.26,04:00,22.47357,22.47850,22.32838,22.32932,478
2020.05.26,08:00,22.32855,22.36345,22.10075,22.13645,1400
2020.05.26,12:00,22.13704,22.29356,22.10587,22.24124,2640
2020.05.26,16:00,22.23894,22.35175,22.18067,22.18067,2269
2020.05.26,20:00,22.18015,22.25972,22.15019,22.21758,1022
2020.05.27,00:00,22.21776,22.27745,22.19893,22.23437,716
2020.05.27,04:00,22.23520,22.27605,22.19777,22.26895,542
2020.05.27,08:00,22.26985,22.33783,22.13558,22.19421,1113
2020.05.27,12:00,22.19329,22.48392,22.16001,22.44880,2442
2020.05.27,16:00,22.44652,22.48293,22.28137,22.29755,2026
2020.05.27,20:00,22.29565,22.36145,22.26775,22.32689,717
2020.05.28,00:00,22.32947,22.33570,22.26165,22.28155,563
2020.05.28,04:00,22.28200,22.34687,22.25080,22.30435,690
2020.05.28,08:00,22.30160,22.41116,22.29440,22.34618,1967
2020.05.28,12:00,22.34414,22.35085,22.17880,22.20004,2436
2020.05.28,16:00,22.19645,22.26696,22.09466,22.16745,1907
2020.05.28,20:00,22.16695,22.25770,22.12640,22.20588,831
2020.05.29,00:00,22.20724,22.27890,22.17945,22.18456,658
2020.05.29,04:00,22.18628,22.22845,22.12665,22.17997,780
2020.05.29,08:00,22.17776,22.24968,22.08615,22.16728,1248
2020.05.29,12:00,22.16844,22.18880,22.00060,22.11619,2650
2020.05.29,16:00,22.11591,22.33486,22.08080,22.18028,2929
2020.05.29,20:00,22.17710,22.21045,22.09168,22.15695,1020
2020.05.31,21:05,22.17845,22.27025,22.17625,22.21236,192
2020.06.01,00:00,22.20784,22.22570,22.00552,22.01350,673
2020.06.01,04:00,22.01333,22.07188,21.95800,21.96178,633
2020.06.01,08:00,21.95926,22.08104,21.92970,22.06846,1539
2020.06.01,12:00,22.06795,22.14331,21.94736,21.96036,2316
2020.06.01,16:00,21.96019,22.08300,21.95366,22.05885,1881
2020.06.01,20:00,22.05843,22.09267,22.00244,22.05415,776
2020.06.02,00:00,22.05530,22.07162,22.00440,22.05358,867
2020.06.02,04:00,22.05174,22.05196,22.01091,22.04955,794
2020.06.02,08:00,22.04904,22.10978,21.81717,21.82778,1349
2020.06.02,12:00,21.82812,21.91859,21.57232,21.62861,2361
2020.06.02,16:00,21.62442,21.78204,21.61275,21.74995,2077
2020.06.02,20:00,21.75015,21.81695,21.72780,21.79342,885
2020.06.03,00:00,21.79353,21.80450,21.61511,21.67716,1084
2020.06.03,04:00,21.67722,21.70410,21.62944,21.70262,671
2020.06.03,08:00,21.70437,21.71429,21.50340,21.65495,1683
2020.06.03,12:00,21.65250,21.68915,21.51120,21.59401,2804
2020.06.03,16:00,21.59398,21.79510,21.52870,21.77175,2050
2020.06.03,20:00,21.77028,21.78300,21.70934,21.72543,640
2020.06.04,00:00,21.72220,21.79575,21.70272,21.79319,712
2020.06.04,04:00,21.79162,21.95420,21.78193,21.94100,671
2020.06.04,08:00,21.94045,21.97101,21.85281,21.89709,1271
2020.06.04,12:00,21.89973,21.98675,21.70312,21.74607,3327
2020.06.04,16:00,21.74464,21.94966,21.73090,21.86449,2408
2020.06.04,20:00,21.86688,21.94742,21.86688,21.89127,1093
2020.06.05,00:00,21.89381,21.90678,21.86281,21.87877,687
2020.06.05,04:00,21.88004,21.88303,21.74376,21.78025,927
2020.06.05,08:00,21.78202,21.82599,21.69649,21.80298,1235
2020.06.05,12:00,21.79689,21.79905,21.54335,21.59920,2761
2020.06.05,16:00,21.59957,21.64952,21.48953,21.64010,2158
2020.06.05,20:00,21.63892,21.66037,21.55595,21.55595,766
2020.06.07,21:05,21.55050,21.57884,21.50577,21.51306,81
2020.06.08,00:00,21.51290,21.57592,21.47278,21.54387,568
2020.06.08,04:00,21.54923,21.56879,21.53145,21.53145,579
2020.06.08,08:00,21.53355,21.59652,21.48133,21.55105,1206
2020.06.08,12:00,21.54917,21.71615,21.52122,21.68929,2328
2020.06.08,16:00,21.68712,21.69695,21.57685,21.58152,1707
2020.06.08,20:00,21.58539,21.60045,21.48429,21.49817,544
2020.06.09,00:00,21.49394,21.59260,21.45945,21.55819,813
2020.06.09,04:00,21.55799,21.69150,21.54414,21.68406,717
2020.06.09,08:00,21.68485,21.91047,21.65685,21.75828,2162
2020.06.09,12:00,21.75460,21.85330,21.62223,21.66311,2940
2020.06.09,16:00,21.66110,21.88205,21.64190,21.86585,2118
2020.06.09,20:00,21.86085,21.92638,21.81325,21.87178,818
2020.06.10,00:00,21.87469,21.90200,21.80887,21.81005,897
2020.06.10,04:00,21.81025,21.81446,21.68512,21.78953,888
2020.06.10,08:00,21.79335,21.84244,21.72239,21.79446,1939
2020.06.10,12:00,21.79900,22.04008,21.75131,21.99191,2636
2020.06.10,16:00,21.99169,21.99413,21.67495,21.84790,3110
2020.06.10,20:00,21.85280,21.90722,21.70598,21.88920,1470
2020.06.11,00:00,21.88885,21.98606,21.85772,21.95337,838
2020.06.11,04:00,21.95353,22.30628,21.94731,22.19997,1185
2020.06.11,08:00,22.19704,22.31947,22.15225,22.23423,2245
2020.06.11,12:00,22.23306,22.50841,22.20382,22.38910,3578
2020.06.11,16:00,22.39090,22.73616,22.39090,22.72477,3696
2020.06.11,20:00,22.72427,22.90413,22.66600,22.84381,1362
2020.06.12,00:00,22.84370,22.94065,22.81105,22.86316,1163
2020.06.12,04:00,22.86064,22.89165,22.58200,22.75980,1454
2020.06.12,08:00,22.75974,22.77454,22.44550,22.60690,2355
2020.06.12,12:00,22.60561,22.60561,22.18145,22.44419,4011
2020.06.12,16:00,22.44429,22.53892,22.27543,22.34837,5638
2020.06.12,20:00,22.34998,22.34998,22.16804,22.22247,1234
2020.06.15,00:00,22.45356,22.60395,22.40020,22.50455,922
2020.06.15,04:00,22.50500,22.74635,22.45266,22.63365,1615
2020.06.15,08:00,22.63285,22.70441,22.46385,22.59117,2837
2020.06.15,12:00,22.59210,22.66685,22.50155,22.60994,4149
2020.06.15,16:00,22.61149,22.61325,22.11908,22.20140,3749
2020.06.15,20:00,22.20145,22.27389,22.15558,22.19321,1245
2020.06.16,00:00,22.18916,22.22055,22.02520,22.03701,804
2020.06.16,04:00,22.03053,22.13809,22.00980,22.12022,866
2020.06.16,08:00,22.11332,22.20124,22.05924,22.06999,1889
2020.06.16,12:00,22.06909,22.30879,21.88986,22.30004,3486
2020.06.16,16:00,22.30423,22.35516,22.13204,22.26671,3212
2020.06.16,20:00,22.26715,22.39021,22.25966,22.33178,1249
2020.06.17,00:00,22.32490,22.46603,22.26138,22.42464,804
2020.06.17,04:00,22.42247,22.44631,22.24540,22.27405,891
2020.06.17,08:00,22.27979,22.33377,22.15066,22.22520,2347
2020.06.17,12:00,22.22449,22.30425,22.15810,22.28697,3055
2020.06.17,16:00,22.28992,22.39970,22.22950,22.30654,2325
2020.06.17,20:00,22.30757,22.37906,22.27457,22.31190,954
2020.06.18,00:00,22.31303,22.44832,22.30533,22.37774,849
2020.06.18,04:00,22.37771,22.37834,22.23268,22.26337,845
2020.06.18,08:00,22.26539,22.33062,22.19248,22.28675,1588
2020.06.18,12:00,22.28773,22.56995,22.25121,22.54090,2791
2020.06.18,16:00,22.54261,22.78992,22.51380,22.78213,2305
2020.06.18,20:00,22.78152,22.82495,22.71130,22.71574,1051
2020.06.19,00:00,22.71553,22.75324,22.66985,22.70345,509
2020.06.19,04:00,22.70143,22.74781,22.59947,22.62785,577
2020.06.19,08:00,22.62812,22.70317,22.59014,22.62640,1202
2020.06.19,12:00,22.62305,22.65702,22.49622,22.59602,2003
2020.06.19,16:00,22.59469,22.76689,22.56333,22.59920,2705
2020.06.19,20:00,22.59974,22.63480,22.54890,22.62275,955
2020.06.21,21:05,22.61205,22.70200,22.61205,22.63455,309
2020.06.22,00:00,22.62165,22.67772,22.52581,22.55130,1067
2020.06.22,04:00,22.55262,22.60508,22.50802,22.56587,906
2020.06.22,08:00,22.56338,22.60976,22.47122,22.53881,1424
2020.06.22,12:00,22.53899,22.58686,22.29988,22.44311,2374
2020.06.22,16:00,22.44693,22.47127,22.37375,22.45453,1197
2020.06.22,20:00,22.44525,22.51465,22.42436,22.44945,982
2020.06.23,00:00,22.44780,22.67079,22.38980,22.43490,1458
2020.06.23,04:00,22.43914,22.55076,22.42110,22.47377,753
2020.06.23,08:00,22.47578,22.48856,22.29695,22.35309,2229
2020.06.23,12:00,22.35571,22.41824,22.28151,22.37838,2343
2020.06.23,16:00,22.37826,22.50333,22.31395,22.40333,2277
2020.06.23,20:00,22.40341,22.46170,22.37695,22.42400,807
2020.06.24,00:00,22.41925,22.42165,22.30315,22.37624,642
2020.06.24,04:00,22.38075,22.39654,22.33356,22.37342,758
2020.06.24,08:00,22.37516,22.52925,22.36425,22.51735,1860
2020.06.24,12:00,22.51899,22.62155,22.46470,22.57640,2889
2020.06.24,16:00,22.57900,22.77300,22.55080,22.77056,3263
2020.06.24,20:00,22.77190,22.79426,22.71176,22.78955,1163
2020.06.25,00:00,22.79115,22.84216,22.74202,22.81623,688
2020.06.25,04:00,22.81558,22.88009,22.77999,22.86257,882
2020.06.25,08:00,22.86453,22.96880,22.74110,22.83542,2338
2020.06.25,12:00,22.84335,22.98816,22.76700,22.83190,3169
2020.06.25,16:00,22.83138,22.88873,22.69739,22.70424,2375
2020.06.25,20:00,22.70648,22.70836,22.62960,22.67473,1042
2020.06.26,00:00,22.67405,22.73082,22.65075,22.70011,632
2020.06.26,04:00,22.69960,22.73495,22.65925,22.71784,652
2020.06.26,08:00,22.71948,22.77540,22.68421,22.71682,1348
2020.06.26,12:00,22.71809,23.07256,22.69846,22.97785,2342
2020.06.26,16:00,22.97372,23.01644,22.90845,22.98705,2530
2020.06.26,20:00,22.98473,23.06225,22.96650,23.02900,824
2020.06.28,21:05,22.97795,23.08335,22.97795,23.06530,246
2020.06.29,00:00,23.06682,23.08778,22.94825,22.98520,810
2020.06.29,04:00,22.98010,23.04985,22.94694,22.97035,941
2020.06.29,08:00,22.96835,23.09284,22.92849,23.00154,1833
2020.06.29,12:00,22.99875,23.18784,22.95951,23.14760,2469
2020.06.29,16:00,23.14503,23.19185,23.08599,23.09067,1675
2020.06.29,20:00,23.09066,23.12911,23.04285,23.05582,815
2020.06.30,00:00,23.05343,23.09643,23.03292,23.05727,1552
2020.06.30,04:00,23.05199,23.14983,23.02886,23.11554,623
2020.06.30,08:00,23.11605,23.19595,23.08096,23.15215,2837
2020.06.30,12:00,23.15245,23.22541,23.08216,23.10587,4166
2020.06.30,16:00,23.10549,23.11510,22.92830,22.98290,3403
2020.06.30,20:00,22.98308,23.01570,22.95660,23.01268,1056
2020.07.01,00:00,23.01230,23.03225,22.97114,23.01935,554
2020.07.01,04:00,23.01650,23.09125,22.97230,22.97230,2453
2020.07.01,08:00,22.97115,22.99697,22.79968,22.92814,3881
2020.07.01,12:00,22.93170,23.01670,22.67959,22.77674,3533
2020.07.01,16:00,22.77547,22.84690,22.75287,22.81359,2232
2020.07.01,20:00,22.81526,22.81835,22.64145,22.66608,689
2020.07.02,00:00,22.66593,22.73995,22.63469,22.63492,733
2020.07.02,04:00,22.63311,22.71372,22.62007,22.63650,754
2020.07.02,08:00,22.63810,22.65902,22.52581,22.58727,1676
2020.07.02,12:00,22.59005,22.65196,22.39885,22.54702,2655
2020.07.02,16:00,22.54595,22.58679,22.44310,22.44319,1707
2020.07.02,20:00,22.44372,22.50175,22.42197,22.45400,669
2020.07.03,00:00,22.45855,22.50445,22.44686,22.45521,548
2020.07.03,04:00,22.45447,22.46921,22.39219,22.39691,653
2020.07.03,08:00,22.39831,22.57386,22.37810,22.54436,1352
2020.07.03,12:00,22.54581,22.59298,22.38860,22.44333,1421
2020.07.03,16:00,22.44507,22.44507,22.37815,22.38446,878
2020.07.03,20:00,22.38724,22.39750,22.37205,22.37567,314
2020.07.05,21:05,22.40565,22.41345,22.37518,22.38291,105
2020.07.06,00:00,22.38374,22.39624,22.31260,22.31448,617
2020.07.06,04:00,22.31265,22.31930,22.18867,22.22127,721
2020.07.06,08:00,22.21917,22.29730,22.15048,22.29403,2035
2020.07.06,12:00,22.29310,22.29890,22.16228,22.25845,2067
2020.07.06,16:00,22.25757,22.38344,22.25757,22.35967,1502
2020.07.06,20:00,22.36102,22.38849,22.32470,22.33192,493
2020.07.07,00:00,22.33530,22.38855,22.25128,22.38055,874
2020.07.07,04:00,22.38035,22.44725,22.33279,22.44613,653
2020.07.07,08:00,22.44600,22.70870,22.44073,22.62730,1918
2020.07.07,12:00,22.62273,22.64103,22.48449,22.62483,1985
2020.07.07,16:00,22.62485,22.71272,22.55147,22.69020,1943
2020.07.07,20:00,22.68370,22.86435,22.67580,22.81699,1052
2020.07.08,00:00,22.81706,22.82131,22.73850,22.75437,839
2020.07.08,04:00,22.75974,22.88705,22.75211,22.76111,1129
2020.07.08,08:00,22.76205,22.81316,22.67408,22.71384,2137
2020.07.08,12:00,22.71865,22.83113,22.68594,22.78705,2195
2020.07.08,16:00,22.78887,22.89420,22.71285,22.71355,2081
2020.07.08,20:00,22.71753,22.74115,22.63445,22.68353,681
2020.07.09,00:00,22.68343,22.73329,22.65089,22.70468,677
2020.07.09,04:00,22.70866,22.73878,22.64785,22.69504,964
2020.07.09,08:00,22.69971,22.74445,22.62950,22.67792,1737
2020.07.09,12:00,22.67980,22.70907,22.53955,22.68952,2050
2020.07.09,16:00,22.69390,22.76420,22.58675,22.59048,2097
2020.07.09,20:00,22.59611,22.64477,22.54969,22.62908,927
2020.07.10,00:00,22.62930,22.69570,22.59689,22.69570,666
2020.07.10,04:00,22.69503,22.82400,22.68745,22.81283,642
2020.07.10,08:00,22.80978,22.83050,22.71125,22.73585,1549
2020.07.10,12:00,22.73577,22.79270,22.51040,22.53863,2218
2020.07.10,16:00,22.53950,22.55646,22.45078,22.45421,1661
2020.07.10,20:00,22.45555,22.48868,22.42995,22.43645,508
2020.07.12,21:05,22.45504,22.47222,22.44048,22.45329,205
2020.07.13,00:00,22.44707,22.51261,22.44098,22.45041,671
2020.07.13,04:00,22.45000,22.45387,22.37134,22.40673,629
2020.07.13,08:00,22.40603,22.53100,22.38390,22.44353,1619
2020.07.13,12:00,22.45115,22.54971,22.41883,22.42760,2123
2020.07.13,16:00,22.42788,22.58188,22.39800,22.54175,1700
2020.07.13,20:00,22.54370,22.76555,22.54159,22.71934,1060
2020.07.14,00:00,22.71926,22.75510,22.69357,22.72989,605
2020.07.14,04:00,22.72976,22.73474,22.65440,22.68331,873
2020.07.14,08:00,22.68404,22.75098,22.60567,22.60880,1549
2020.07.14,12:00,22.60820,22.77420,22.59664,22.62751,3264
2020.07.14,16:00,22.62758,22.65382,22.42264,22.45540,2299
2020.07.14,20:00,22.45594,22.49814,22.36617,22.38612,640
2020.07.15,00:00,22.38301,22.42295,22.36418,22.42130,575
2020.07.15,04:00,22.42660,22.45282,22.38499,22.42915,638
2020.07.15,08:00,22.43283,22.44355,22.26375,22.27500,1766
2020.07.15,12:00,22.27310,22.34824,22.25252,22.28014,2603
2020.07.15,16:00,22.27846,22.40660,22.27697,22.35345,2301
2020.07.15,20:00,22.35800,22.37835,22.29761,22.33001,832
2020.07.16,00:00,22.33220,22.40909,22.32444,22.38940,608
2020.07.16,04:00,22.39291,22.42416,22.37036,22.41631,597
2020.07.16,08:00,22.41750,22.44768,22.37345,22.39745,1207
2020.07.16,12:00,22.39735,22.40585,22.27858,22.30004,2071
2020.07.16,16:00,22.30161,22.46333,22.28052,22.45086,1589
2020.07.16,20:00,22.45070,22.46907,22.40655,22.41145,709
2020.07.17,00:00,22.41107,22.42976,22.38115,22.39770,333
2020.07.17,04:00,22.39760,22.41374,22.37949,22.40315,578
2020.07.17,08:00,22.40731,22.45022,22.38115,22.41320,1269
2020.07.17,12:00,22.41197,22.49820,22.40600,22.49605,1678
2020.07.17,16:00,22.49612,22.55557,22.46084,22.52999,1448
2020.07.17,20:00,22.53504,22.60860,22.52513,22.53045,506
2020.07.19,21:05,22.53755,22.55886,22.52546,22.52992,198
2020.07.20,00:00,22.52768,22.60538,22.48670,22.58169,545
2020.07.20,04:00,22.58237,22.58735,22.52615,22.54444,462
2020.07.20,08:00,22.55172,22.60525,22.48075,22.50316,1033
2020.07.20,12:00,22.50160,22.71241,22.45796,22.65454,1709
2020.07.20,16:00,22.65368,22.65662,22.48113,22.49458,1112
2020.07.20,20:00,22.49475,22.51420,22.47780,22.50305,474
2020.07.21,00:00,22.50293,22.50293,22.44415,22.46634,316
2020.07.21,04:00,22.46558,22.50019,22.41896,22.42163,453
2020.07.21,08:00,22.42158,22.46102,22.35129,22.36590,1117
2020.07.21,12:00,22.36600,22.39907,22.29218,22.36555,1787
2020.07.21,16:00,22.36514,22.39918,22.27343,22.27868,1374
2020.07.21,20:00,22.27932,22.35035,22.26760,22.31445,622
2020.07.22,00:00,22.31603,22.33264,22.25189,22.25885,482
2020.07.22,04:00,22.25845,22.35055,22.25845,22.31835,388
2020.07.22,08:00,22.31354,22.41895,22.27452,22.35519,1374
2020.07.22,12:00,22.35623,22.38793,22.18395,22.20489,1717
2020.07.22,16:00,22.20390,22.36560,22.20002,22.36345,1196
2020.07.22,20:00,22.35963,22.37395,22.32637,22.36538,346
2020.07.23,00:00,22.36395,22.38625,22.33841,22.37484,400
2020.07.23,04:00,22.36652,22.36998,22.27135,22.29255,390
2020.07.23,08:00,22.28940,22.39169,22.25430,22.36340,1040
2020.07.23,12:00,22.36397,22.54860,22.34036,22.36681,1741
2020.07.23,16:00,22.36303,22.51715,22.30213,22.46953,2733
2020.07.23,20:00,22.46919,22.54447,22.44609,22.47291,1108
2020.07.24,00:00,22.47301,22.50623,22.41443,22.44557,658
2020.07.24,04:00,22.44570,22.55638,22.43564,22.51946,902
2020.07.24,08:00,22.51975,22.61999,22.48340,22.57818,1671
2020.07.24,12:00,22.57289,22.57289,22.36046,22.36973,2131
2020.07.24,16:00,22.37029,22.38735,22.25198,22.26460,1319
2020.07.24,20:00,22.26520,22.30188,22.24157,22.28536,551
2020.07.26,21:05,22.28460,22.32239,22.26557,22.30387,375
2020.07.27,00:00,22.29883,22.32030,22.21663,22.21744,546
2020.07.27,04:00,22.21726,22.24145,22.17815,22.18603,524
2020.07.27,08:00,22.18489,22.27005,22.14842,22.15131,1007
2020.07.27,12:00,22.15174,22.19350,21.96007,21.96791,1800
2020.07.27,16:00,21.96750,22.03815,21.95870,22.01295,1292
2020.07.27,20:00,22.01365,22.03755,21.91910,21.93813,533
2020.07.28,00:00,21.93515,21.97450,21.89545,21.94796,545
2020.07.28,04:00,21.94780,22.03448,21.94049,22.00504,650
2020.07.28,08:00,22.01013,22.06930,21.97210,22.02823,1080
2020.07.28,12:00,22.02811,22.10265,21.92884,21.93921,1741
2020.07.28,16:00,21.93830,21.98995,21.88961,21.90066,1241
2020.07.28,20:00,21.90050,21.96525,21.90050,21.94106,486
2020.07.29,00:00,21.94128,21.98245,21.91567,21.94645,377
2020.07.29,04:00,21.94129,21.96720,21.88530,21.89635,386
2020.07.29,08:00,21.89590,21.91293,21.85076,21.86162,1042
2020.07.29,12:00,21.86044,22.02880,21.84695,21.98738,1981
2020.07.29,16:00,21.98670,22.02524,21.91697,22.00625,1558
2020.07.29,20:00,22.00640,22.04015,21.93110,21.97837,934
2020.07.30,00:00,21.97409,21.99719,21.96159,21.97627,438
2020.07.30,04:00,21.97496,22.11989,21.96723,22.10467,524
2020.07.30,08:00,22.10457,22.23472,22.09597,22.20712,1497
2020.07.30,12:00,22.20833,22.22566,22.10745,22.16753,2262
2020.07.30,16:00,22.16803,22.22553,22.03746,22.07083,1775
2020.07.30,20:00,22.06678,22.10904,22.00384,22.01803,580
2020.07.31,00:00,22.02189,22.04395,21.98378,22.01673,739
2020.07.31,04:00,22.02164,22.04848,21.97330,22.00247,736
2020.07.31,08:00,22.00002,22.16482,21.99495,22.15480,1812
2020.07.31,12:00,22.15114,22.22214,22.12119,22.18178,2409
2020.07.31,16:00,22.18194,22.29422,22.12615,22.21625,2518
2020.07.31,20:00,22.21587,22.28255,22.20201,22.27495,792
2020.08.02,21:05,22.27005,22.30704,22.25705,22.26171,505
2020.08.03,00:00,22.26248,22.33845,22.25578,22.27146,1230
2020.08.03,04:00,22.27008,22.35520,22.24985,22.35246,571
2020.08.03,08:00,22.35344,22.47113,22.34030,22.42089,1731
2020.08.03,12:00,22.42095,22.63544,22.36435,22.60435,2164
2020.08.03,16:00,22.60444,22.66100,22.55807,22.66100,1167
2020.08.03,20:00,22.65966,22.69580,22.58775,22.64518,957
2020.08.04,00:00,22.64469,22.66439,22.62018,22.63225,388
2020.08.04,04:00,22.63060,22.67164,22.58320,22.58741,659
2020.08.04,08:00,22.58503,22.73450,22.53936,22.73400,1565
2020.08.04,12:00,22.73470,22.90635,22.70275,22.78381,1921
2020.08.04,16:00,22.78146,22.85401,22.73810,22.79642,1382
2020.08.04,20:00,22.79833,22.80398,22.64787,22.64889,659
2020.08.05,00:00,22.65378,22.66820,22.57721,22.57721,492
2020.08.05,04:00,22.57713,22.62514,22.54805,22.54805,516
2020.08.05,08:00,22.54400,22.60904,22.51145,22.55447,1303
2020.08.05,12:00,22.55360,22.57341,22.39685,22.42941,2224
2020.08.05,16:00,22.42834,22.43735,22.32565,22.35202,1346
2020.08.05,20:00,22.35452,22.38845,22.29989,22.35463,858
2020.08.06,00:00,22.35317,22.40284,22.31654,22.39848,486
2020.08.06,04:00,22.39939,22.40022,22.30104,22.34745,738
2020.08.06,08:00,22.34445,22.59079,22.34445,22.58399,1866
2020.08.06,12:00,22.58602,22.60614,22.36919,22.37705,2054
2020.08.06,16:00,22.37836,22.40785,22.29765,22.36641,1550
2020.08.06,20:00,22.36895,22.41443,22.36123,22.38546,702
2020.08.07,00:00,22.38483,22.48437,22.37911,22.47857,739
2020.08.07,04:00,22.47814,22.53807,22.45833,22.49975,823
2020.08.07,08:00,22.50048,22.52750,22.45177,22.48450,1345
2020.08.07,12:00,22.48290,22.59602,22.35825,22.50304,2229
2020.08.07,16:00,22.49913,22.51835,22.34860,22.40296,2050
2020.08.07,20:00,22.40430,22.40801,22.35220,22.36215,704
2020.08.09,21:05,22.36570,22.41436,22.36088,22.40370,134
2020.08.10,00:00,22.40266,22.40950,22.35693,22.36715,402
2020.08.10,04:00,22.36580,22.47938,22.35659,22.47886,503
2020.08.10,08:00,22.48081,22.53698,22.41381,22.46840,1444
2020.08.10,12:00,22.46789,22.52562,22.34980,22.50817,1807
2020.08.10,16:00,22.50938,22.51183,22.41165,22.47716,1837
2020.08.10,20:00,22.47688,22.48830,22.43113,22.47935,639
2020.08.11,00:00,22.48112,22.48358,22.40870,22.41703,383
2020.08.11,04:00,22.41639,22.51000,22.39122,22.48870,663
2020.08.11,08:00,22.48475,22.48806,22.31480,22.34902,1427
2020.08.11,12:00,22.34963,22.42290,22.25610,22.38483,2027
2020.08.11,16:00,22.38285,22.38670,22.26958,22.36294,1712
2020.08.11,20:00,22.36414,22.43830,22.35675,22.41275,1421
2020.08.12,00:00,22.41262,22.48230,22.40095,22.46070,782
2020.08.12,04:00,22.45785,22.48931,22.39387,22.43300,840
2020.08.12,08:00,22.43200,22.44524,22.26241,22.30570,1659
2020.08.12,12:00,22.30585,22.45092,22.30317,22.31874,2209
2020.08.12,16:00,22.31992,22.34663,22.29630,22.32759,1485
2020.08.12,20:00,22.32591,22.38140,22.31909,22.36023,628
2020.08.13,00:00,22.35970,22.37385,22.31076,22.35903,505
2020.08.13,04:00,22.35225,22.37862,22.33355,22.35142,688
2020.08.13,08:00,22.34990,22.37517,22.30139,22.32174,1365
2020.08.13,12:00,22.32056,22.37152,22.25887,22.29746,1907
2020.08.13,16:00,22.29795,22.31296,22.13351,22.17925,1797
2020.08.13,20:00,22.17981,22.20693,22.13560,22.15845,550
2020.08.14,00:00,22.16070,22.23297,22.15523,22.19875,439
2020.08.14,04:00,22.20481,22.21531,22.11870,22.16760,588
2020.08.14,08:00,22.16739,22.23311,22.15585,22.18961,1507
2020.08.14,12:00,22.18915,22.20150,22.00124,22.02770,2089
2020.08.14,16:00,22.02665,22.05445,21.97665,21.99889,1424
2020.08.14,20:00,21.99907,22.00478,21.93355,21.96215,517
2020.08.16,21:05,21.95013,21.95780,21.92228,21.95365,110
2020.08.17,00:00,21.95392,21.96790,21.92009,21.92803,336
2020.08.17,04:00,21.92845,21.96598,21.91190,21.91799,590
2020.08.17,08:00,21.91641,22.00534,21.90288,21.97786,1247
2020.08.17,12:00,21.97790,22.06405,21.96139,22.04855,1702
2020.08.17,16:00,22.04795,22.16269,22.01703,22.16010,1425
2020.08.17,20:00,22.15996,22.21225,22.14695,22.15413,744
2020.08.18,00:00,22.15391,22.16762,22.12846,22.15807,442
2020.08.18,04:00,22.15796,22.18153,22.13914,22.16502,555
2020.08.18,08:00,22.16264,22.16940,22.01071,22.04620,1350
2020.08.18,12:00,22.04740,22.15250,22.01152,22.13621,1924
2020.08.18,16:00,22.13618,22.21185,22.12951,22.14672,1300
2020.08.18,20:00,22.14646,22.16082,22.10226,22.12898,584
2020.08.19,00:00,22.13090,22.17170,22.11716,22.15975,483
2020.08.19,04:00,22.15984,22.18522,22.11202,22.14129,780
2020.08.19,08:00,22.14250,22.16850,22.09987,22.13054,1220
2020.08.19,12:00,22.13013,22.15217,22.02217,22.03130,1944
2020.08.19,16:00,22.03162,22.10370,21.99302,22.07590,2405
2020.08.19,20:00,22.07490,22.15734,22.06621,22.13315,918
2020.08.20,00:00,22.13650,22.23895,22.13650,22.20170,558
2020.08.20,04:00,22.19771,22.20402,22.15510,22.16760,783
2020.08.20,08:00,22.17020,22.23703,22.12438,22.14610,1736
2020.08.20,12:00,22.14520,22.32565,22.14380,22.19394,1997
2020.08.20,16:00,22.19389,22.20616,22.12370,22.13898,1568
2020.08.20,20:00,22.13612,22.14445,22.04896,22.08645,965
2020.08.21,00:00,22.08695,22.10505,22.05795,22.06953,427
2020.08.21,04:00,22.06925,22.08326,22.04990,22.06395,600
2020.08.21,08:00,22.06429,22.15306,22.05540,22.12565,1602
2020.08.21,12:00,22.12409,22.17280,21.98945,22.00830,2114
2020.08.21,16:00,22.00720,22.05436,21.95786,21.96461,1815
2020.08.21,20:00,21.96637,21.98000,21.94825,21.96865,624
2020.08.23,21:05,21.97475,21.97645,21.94935,21.95387,67
2020.08.24,00:00,21.95137,21.99942,21.95030,21.98350,444
2020.08.24,04:00,21.97964,21.99557,21.95902,21.95902,501
2020.08.24,08:00,21.95302,21.96415,21.89606,21.91963,1178
2020.08.24,12:00,21.91971,22.00026,21.87745,21.99705,1819
2020.08.24,16:00,21.99822,22.01805,21.94791,22.00652,1642
2020.08.24,20:00,22.01140,22.03748,21.98273,21.99360,578
2020.08.25,00:00,21.99211,22.00972,21.96024,21.97494,412
2020.08.25,04:00,21.97246,21.98172,21.93263,21.96319,371
2020.08.25,08:00,21.96359,21.99035,21.92132,21.93845,1168
2020.08.25,12:00,21.93785,21.98463,21.87326,21.96130,2302
2020.08.25,16:00,21.96000,22.02056,21.93420,21.95099,1365
2020.08.25,20:00,21.95165,21.95987,21.89195,21.90919,453
2020.08.26,00:00,21.90795,21.92200,21.90045,21.92200,326
2020.08.26,04:00,21.92205,21.93450,21.90783,21.92255,352
2020.08.26,08:00,21.91943,21.95472,21.89735,21.94436,1515
2020.08.26,12:00,21.94433,21.98125,21.87589,21.91709,1697
2020.08.26,16:00,21.91769,21.96769,21.89609,21.96310,1429
2020.08.26,20:00,21.96131,21.96301,21.91955,21.93814,621
2020.08.27,00:00,21.93961,21.96283,21.92015,21.96265,356
2020.08.27,04:00,21.96225,21.97340,21.93825,21.95473,453
2020.08.27,08:00,21.95362,21.98005,21.90780,21.96075,1111
2020.08.27,12:00,21.96247,22.08042,21.82034,22.03795,3235
2020.08.27,16:00,22.03741,22.22223,22.03741,22.15017,2423
2020.08.27,20:00,22.15142,22.17678,22.11463,22.14706,799
2020.08.28,00:00,22.14760,22.15477,22.07945,22.08404,365
2020.08.28,04:00,22.08159,22.09326,22.00373,22.01926,914
2020.08.28,08:00,22.01647,22.05786,21.90870,21.91004,1679
2020.08.28,12:00,21.90742,21.92395,21.82705,21.85095,2478
2020.08.28,16:00,21.85028,21.88162,21.77115,21.77341,1549
2020.08.28,20:00,21.77195,21.77910,21.74360,21.74570,641
2020.08.30,21:05,21.74020,21.77688,21.73493,21.76214,88
2020.08.31,00:00,21.76403,21.78118,21.73750,21.74320,482
2020.08.31,04:00,21.74525,21.82000,21.74491,21.79429,415
2020.08.31,08:00,21.79825,21.85375,21.77371,21.82937,1221
2020.08.31,12:00,21.83063,21.88345,21.80205,21.87991,1699
2020.08.31,16:00,21.88190,21.95071,21.86832,21.87770,1595
2020.08.31,20:00,21.88235,21.91785,21.85951,21.91644,765
2020.09.01,00:00,21.91689,21.92107,21.80569,21.80569,639
2020.09.01,04:00,21.80568,21.81488,21.76845,21.77591,746
2020.09.01,08:00,21.77703,21.83375,21.75804,21.75999,1273
2020.09.01,12:00,21.76010,21.78334,21.67335,21.74608,1964
2020.09.01,16:00,21.74165,21.82178,21.70974,21.80465,1519
2020.09.01,20:00,21.80561,21.83150,21.74423,21.75767,613
2020.09.02,00:00,21.76346,21.82294,21.73990,21.79202,516
2020.09.02,04:00,21.78940,21.80545,21.73904,21.78469,549
2020.09.02,08:00,21.78834,21.83520,21.74827,21.82642,1509
2020.09.02,12:00,21.82755,21.88895,21.75563,21.81579,2145
2020.09.02,16:00,21.81757,21.87335,21.71307,21.76229,1784
2020.09.02,20:00,21.76261,21.77230,21.70315,21.73210,647
2020.09.03,00:00,21.73150,21.76169,21.70539,21.73449,440
2020.09.03,04:00,21.73095,21.79446,21.72865,21.77303,593
2020.09.03,08:00,21.77809,21.78426,21.67547,21.77375,1210
2020.09.03,12:00,21.77323,21.79216,21.54716,21.60028,2231
2020.09.03,16:00,21.59910,21.72030,21.59423,21.69689,2782
2020.09.03,20:00,21.69751,21.73672,21.64255,21.69127,861
2020.09.04,00:00,21.69005,21.70781,21.65245,21.68951,622
2020.09.04,04:00,21.69129,21.70085,21.66443,21.69780,845
2020.09.04,08:00,21.69771,21.71643,21.54920,21.56020,1609
2020.09.04,12:00,21.56180,21.63072,21.49721,21.58165,3505
2020.09.04,16:00,21.58315,21.65626,21.51560,21.51560,3050
2020.09.04,20:00,21.51565,21.55855,21.50900,21.54005,1052
2020.09.06,21:05,21.52812,21.58450,21.51062,21.55087,209
2020.09.07,00:00,21.55067,21.56187,21.52822,21.54408,685
2020.09.07,04:00,21.54390,21.64980,21.53703,21.61280,725
2020.09.07,08:00,21.61456,21.65495,21.56990,21.63522,977
2020.09.07,12:00,21.63721,21.64147,21.56407,21.57237,667
2020.09.07,16:00,21.57235,21.63252,21.55755,21.60424,796
2020.09.07,20:00,21.60444,21.62125,21.53844,21.60467,540
2020.09.08,00:00,21.60449,21.63399,21.59515,21.63056,380
2020.09.08,04:00,21.62923,21.64372,21.56545,21.59710,558
2020.09.08,08:00,21.60322,21.78618,21.59735,21.73917,1323
2020.09.08,12:00,21.73840,21.87435,21.70715,21.73575,2661
2020.09.08,16:00,21.73484,21.77164,21.64440,21.76602,1913
2020.09.08,20:00,21.76596,21.85555,21.73904,21.83622,936
2020.09.09,00:00,21.83450,21.93902,21.82985,21.92985,731
2020.09.09,04:00,21.93005,21.93087,21.84762,21.87734,869
2020.09.09,08:00,21.87237,21.88395,21.74255,21.77515,1294
2020.09.09,12:00,21.77809,21.79165,21.50060,21.51632,2431
2020.09.09,16:00,21.51346,21.53488,21.39283,21.42063,2054
2020.09.09,20:00,21.42349,21.43231,21.33715,21.36939,832
2020.09.10,00:00,21.36973,21.44470,21.36855,21.41728,614
2020.09.10,04:00,21.41872,21.43240,21.36475,21.39332,611
2020.09.10,08:00,21.40002,21.45815,21.34995,21.40375,1314
2020.09.10,12:00,21.40545,21.42336,21.20385,21.25733,2370
2020.09.10,16:00,21.25396,21.45358,21.24141,21.43787,2680
2020.09.10,20:00,21.43807,21.49265,21.40523,21.42826,1041
2020.09.11,00:00,21.42952,21.45434,21.37020,21.38820,678
2020.09.11,04:00,21.38866,21.39231,21.29612,21.29744,655
2020.09.11,08:00,21.29920,21.32660,21.25295,21.28800,1207
2020.09.11,12:00,21.28869,21.34636,21.23891,21.29056,2272
2020.09.11,16:00,21.28864,21.36823,21.24805,21.28168,2237
2020.09.11,20:00,21.28238,21.30845,21.23875,21.24985,926
2020.09.13,21:05,21.26750,21.29155,21.25505,21.27182,141
2020.09.14,00:00,21.27405,21.29051,21.23037,21.23467,463
2020.09.14,04:00,21.23441,21.23441,21.20839,21.22105,560
2020.09.14,08:00,21.21995,21.23965,21.17632,21.18726,1324
2020.09.14,12:00,21.18626,21.22803,21.03656,21.04726,1955
2020.09.14,16:00,21.05440,21.12827,21.04379,21.09137,1337
2020.09.14,20:00,21.09020,21.10481,21.05327,21.06611,645
2020.09.15,00:00,21.06557,21.10690,21.04455,21.05738,694
2020.09.15,04:00,21.05640,21.05720,21.01693,21.02810,604
2020.09.15,08:00,21.02970,21.10340,20.98516,20.98753,1133
2020.09.15,12:00,20.98434,21.11307,20.95580,21.06085,1680
2020.09.15,16:00,21.05991,21.12313,21.00906,21.07750,1297
2020.09.15,20:00,21.07805,21.16240,21.07805,21.13739,683
2020.09.16,00:00,21.13735,21.16790,21.10211,21.10575,608
2020.09.16,04:00,21.10457,21.14518,21.09330,21.09460,486
2020.09.16,08:00,21.09490,21.09678,20.99840,21.00887,1057
2020.09.16,12:00,21.01047,21.10335,20.99930,21.00328,1748
2020.09.16,16:00,21.00189,21.05815,20.92073,21.03793,2324
2020.09.16,20:00,21.03616,21.04615,20.92278,20.96166,1396
2020.09.17,00:00,20.95865,21.10565,20.95791,21.08615,865
2020.09.17,04:00,21.08873,21.14334,21.07140,21.07427,957
2020.09.17,08:00,21.07410,21.09801,21.01845,21.08990,1747
2020.09.17,12:00,21.09195,21.10500,20.94805,21.00166,2391
2020.09.17,16:00,21.00177,21.01884,20.87598,20.88048,1751
2020.09.17,20:00,20.88030,20.90868,20.84400,20.87367,808
2020.09.18,00:00,20.87152,20.91303,20.87152,20.90435,840
2020.09.18,04:00,20.90270,20.92790,20.85476,20.85506,659
2020.09.18,08:00,20.85280,20.90749,20.84375,20.86380,1214
2020.09.18,12:00,20.86310,20.98931,20.84105,20.98664,2102
2020.09.18,16:00,20.98342,21.10739,20.94170,21.09465,1994
2020.09.18,20:00,21.09415,21.13480,21.08419,21.12575,621
2020.09.20,21:05,21.08713,21.13555,21.07378,21.12420,84
2020.09.21,00:00,21.12002,21.12452,21.04563,21.05111,572
2020.09.21,04:00,21.05570,21.12090,21.04720,21.09869,672
2020.09.21,08:00,21.09779,21.45395,21.08770,21.42724,2035
2020.09.21,12:00,21.42283,21.57656,21.40250,21.56517,2858
2020.09.21,16:00,21.56441,21.58666,21.38553,21.39120,2148
2020.09.21,20:00,21.38972,21.38972,21.30654,21.36445,785
2020.09.22,00:00,21.36415,21.40071,21.33160,21.37705,695
2020.09.22,04:00,21.37365,21.47665,21.34369,21.43744,811
2020.09.22,08:00,21.43480,21.53621,21.31145,21.32444,1634
2020.09.22,12:00,21.32464,21.51993,21.29012,21.51993,2757
2020.09.22,16:00,21.51973,21.75705,21.49748,21.74385,2791
2020.09.22,20:00,21.74279,21.75675,21.65155,21.72032,926
2020.09.23,00:00,21.71736,21.77913,21.65990,21.76585,754
2020.09.23,04:00,21.76845,21.83096,21.72235,21.79750,800
2020.09.23,08:00,21.79620,21.91777,21.79005,21.86252,1436
2020.09.23,12:00,21.86311,22.15818,21.86311,22.14596,2889
2020.09.23,16:00,22.14657,22.34745,22.05819,22.30906,2994
2020.09.23,20:00,22.30597,22.43551,22.27255,22.36575,1571
2020.09.24,00:00,22.36610,22.41975,22.32451,22.40812,907
2020.09.24,04:00,22.40907,22.53030,22.39139,22.51383,1023
2020.09.24,08:00,22.51183,22.51790,22.32200,22.33860,2092
2020.09.24,12:00,22.34170,22.69617,22.32127,22.49641,3818
2020.09.24,16:00,22.49113,22.49520,21.95970,22.11257,3622
2020.09.24,20:00,22.11345,22.16895,22.04965,22.16745,1225
2020.09.25,00:00,22.16777,22.17291,22.08168,22.10949,751
2020.09.25,04:00,22.10895,22.15067,22.04371,22.04524,620
2020.09.25,08:00,22.04460,22.38468,21.98395,22.38219,1704
2020.09.25,12:00,22.37670,22.54585,22.24616,22.40381,2659
2020.09.25,16:00,22.39884,22.48343,22.33208,22.36314,2046
2020.09.25,20:00,22.36294,22.36425,22.30055,22.33800,733
2020.09.27,22:05,22.29576,22.32385,22.28670,22.31898,108
2020.09.28,00:00,22.32240,22.39381,22.29073,22.31970,496
2020.09.28,04:00,22.32200,22.33545,22.22684,22.26905,521
2020.09.28,08:00,22.26598,22.43780,22.24871,22.28656,1542
2020.09.28,12:00,22.28660,22.51080,22.14585,22.50805,2909
2020.09.28,16:00,22.50642,22.65105,22.45872,22.50446,2133
2020.09.28,20:00,22.50661,22.51107,22.37335,22.39780,891
2020.09.29,00:00,22.39705,22.44785,22.35524,22.41696,454
2020.09.29,04:00,22.41395,22.45605,22.36212,22.41050,589
2020.09.29,08:00,22.41171,22.53583,22.25362,22.25362,1670
2020.09.29,12:00,22.25348,22.38168,22.17629,22.35975,2484
2020.09.29,16:00,22.35730,22.47227,22.34953,22.45665,764
